trialId,speechId,paragraphId,wordId,word,word_fixated,number_of_fixations,word_landing_position,word_first_fixation_duration,word_first_char_dwell,word_total_fix_time,word_landing_position_char,word_landing_position_index,word_first_char_dwell_time,word_gaze_duration,word_go_past_time
1,1327,-1,1,NY,False,0,,NA,,NA,NA,NA,NA,NA,NA
1,1327,-1,2,TALE,False,0,,NA,,NA,NA,NA,NA,NA,NA
1,1327,-1,3,BEGYNDER,False,0,,NA,,NA,NA,NA,NA,NA,NA
1,1327,-1,4,NU,False,0,,NA,,NA,NA,NA,NA,NA,NA
2,1327,0,1,Hej,True,1,,156,,156,j,2,156,TBD,TBD
2,1327,0,2,alle,True,1,,141,,141,l,1,141,TBD,141
2,1327,0,3,sammen!,True,1,,244,,244,m,2,244,244,244
3,1327,1,1,Som,False,0,,NA,,NA,NA,NA,NA,NA,NA
3,1327,1,2,I,False,0,,NA,,NA,NA,NA,NA,NA,NA
3,1327,1,3,allerede,True,1,,69,,69,e,5,69,TBD,TBD
3,1327,1,4,"ved,",False,0,,NA,,NA,NA,NA,NA,NA,NA
3,1327,1,5,vil,False,0,,NA,,NA,NA,NA,NA,NA,NA
3,1327,1,6,vi,False,0,,NA,,NA,NA,NA,NA,NA,NA
3,1327,1,7,om,False,0,,NA,,NA,NA,NA,NA,NA,NA
3,1327,1,8,lidt,False,0,,NA,,NA,NA,NA,NA,NA,NA
3,1327,1,9,tænde,False,0,,NA,,NA,NA,NA,NA,NA,NA
3,1327,1,10,for,False,0,,NA,,NA,NA,NA,NA,NA,NA
3,1327,1,11,et,False,0,,NA,,NA,NA,NA,NA,NA,NA
3,1327,1,12,"bål,",False,0,,NA,,NA,NA,NA,NA,NA,NA
3,1327,1,13,der,False,0,,NA,,NA,NA,NA,NA,NA,NA
3,1327,1,14,vil,False,0,,NA,,NA,NA,NA,NA,NA,NA
3,1327,1,15,brænde,False,0,,NA,,NA,NA,NA,NA,NA,NA
3,1327,1,16,et,False,0,,NA,,NA,NA,NA,NA,NA,NA
3,1327,1,17,skab,False,0,,NA,,NA,NA,NA,NA,NA,NA
3,1327,1,18,af,False,0,,NA,,NA,NA,NA,NA,NA,NA
3,1327,1,19,–,False,0,,NA,,NA,NA,NA,NA,NA,NA
3,1327,1,20,det,False,0,,NA,,NA,NA,NA,NA,NA,NA
3,1327,1,21,"skab,",False,0,,NA,,NA,NA,NA,NA,NA,NA
3,1327,1,22,vi,False,0,,NA,,NA,NA,NA,NA,NA,NA
3,1327,1,23,har,False,0,,NA,,NA,NA,NA,NA,NA,NA
3,1327,1,24,følt,False,0,,NA,,NA,NA,NA,NA,NA,NA
3,1327,1,25,os,False,0,,NA,,NA,NA,NA,NA,NA,NA
3,1327,1,26,begrænset,False,0,,NA,,NA,NA,NA,NA,NA,NA
3,1327,1,27,"af,",True,1,,68,,68,",",2,68,TBD,68
3,1327,1,28,indelukket,False,0,,NA,,NA,NA,NA,NA,NA,NA
3,1327,1,29,"i,",False,0,,NA,,NA,NA,NA,NA,NA,NA
3,1327,1,30,og,False,0,,NA,,NA,NA,NA,NA,NA,NA
3,1327,1,31,som,False,0,,NA,,NA,NA,NA,NA,NA,NA
3,1327,1,32,de,False,0,,NA,,NA,NA,NA,NA,NA,NA
3,1327,1,33,fleste,False,0,,NA,,NA,NA,NA,NA,NA,NA
3,1327,1,34,af,False,0,,NA,,NA,NA,NA,NA,NA,NA
3,1327,1,35,os,False,0,,NA,,NA,NA,NA,NA,NA,NA
3,1327,1,36,er,False,0,,NA,,NA,NA,NA,NA,NA,NA
3,1327,1,37,brudt,False,0,,NA,,NA,NA,NA,NA,NA,NA
3,1327,1,38,ud,False,0,,NA,,NA,NA,NA,NA,NA,NA
3,1327,1,39,af,False,0,,NA,,NA,NA,NA,NA,NA,NA
3,1327,1,40,for,False,0,,NA,,NA,NA,NA,NA,NA,NA
3,1327,1,41,at,False,0,,NA,,NA,NA,NA,NA,NA,NA
3,1327,1,42,kunne,False,0,,NA,,NA,NA,NA,NA,NA,NA
3,1327,1,43,blive,False,0,,NA,,NA,NA,NA,NA,NA,NA
3,1327,1,44,lykkeligere.,False,0,,NA,,NA,NA,NA,NA,NA,NA
4,1327,2,1,'Men,False,0,,NA,,NA,NA,NA,NA,NA,NA
4,1327,2,2,skabe,False,0,,NA,,NA,NA,NA,NA,NA,NA
4,1327,2,3,er,False,0,,NA,,NA,NA,NA,NA,NA,NA
4,1327,2,4,da,False,0,,NA,,NA,NA,NA,NA,NA,NA
4,1327,2,5,ganske,False,0,,NA,,NA,NA,NA,NA,NA,NA
4,1327,2,6,praktiske,False,0,,NA,,NA,NA,NA,NA,NA,NA
4,1327,2,7,til,False,0,,NA,,NA,NA,NA,NA,NA,NA
4,1327,2,8,opbevaring,False,0,,NA,,NA,NA,NA,NA,NA,NA
4,1327,2,9,af,False,0,,NA,,NA,NA,NA,NA,NA,NA
4,1327,2,10,mangt,False,0,,NA,,NA,NA,NA,NA,NA,NA
4,1327,2,11,og,False,0,,NA,,NA,NA,NA,NA,NA,NA
4,1327,2,12,"meget,",False,0,,NA,,NA,NA,NA,NA,NA,NA
4,1327,2,13,ikke,False,0,,NA,,NA,NA,NA,NA,NA,NA
4,1327,2,14,sandt?',False,0,,NA,,NA,NA,NA,NA,NA,NA
4,1327,2,15,"Jo,",False,0,,NA,,NA,NA,NA,NA,NA,NA
4,1327,2,16,opbevaring,False,0,,NA,,NA,NA,NA,NA,NA,NA
4,1327,2,17,af,False,0,,NA,,NA,NA,NA,NA,NA,NA
4,1327,2,18,"værdier,",False,0,,NA,,NA,NA,NA,NA,NA,NA
4,1327,2,19,det,False,0,,NA,,NA,NA,NA,NA,NA,NA
4,1327,2,20,er,False,0,,NA,,NA,NA,NA,NA,NA,NA
4,1327,2,21,rigtigt,False,0,,NA,,NA,NA,NA,NA,NA,NA
4,1327,2,22,–,False,0,,NA,,NA,NA,NA,NA,NA,NA
4,1327,2,23,men,False,0,,NA,,NA,NA,NA,NA,NA,NA
4,1327,2,24,når,False,0,,NA,,NA,NA,NA,NA,NA,NA
4,1327,2,25,vi,False,0,,NA,,NA,NA,NA,NA,NA,NA
4,1327,2,26,først,False,0,,NA,,NA,NA,NA,NA,NA,NA
4,1327,2,27,begynder,False,0,,NA,,NA,NA,NA,NA,NA,NA
4,1327,2,28,at,False,0,,NA,,NA,NA,NA,NA,NA,NA
4,1327,2,29,sætte,False,0,,NA,,NA,NA,NA,NA,NA,NA
4,1327,2,30,spørgsmålstegn,False,0,,NA,,NA,NA,NA,NA,NA,NA
4,1327,2,31,ved,False,0,,NA,,NA,NA,NA,NA,NA,NA
4,1327,2,32,disse,False,0,,NA,,NA,NA,NA,NA,NA,NA
4,1327,2,33,"værdier,",False,0,,NA,,NA,NA,NA,NA,NA,NA
4,1327,2,34,så,False,0,,NA,,NA,NA,NA,NA,NA,NA
4,1327,2,35,føles,False,0,,NA,,NA,NA,NA,NA,NA,NA
4,1327,2,36,skabet,False,0,,NA,,NA,NA,NA,NA,NA,NA
4,1327,2,37,mere,False,0,,NA,,NA,NA,NA,NA,NA,NA
4,1327,2,38,og,False,0,,NA,,NA,NA,NA,NA,NA,NA
4,1327,2,39,mere,False,0,,NA,,NA,NA,NA,NA,NA,NA
4,1327,2,40,"trangt,",False,0,,NA,,NA,NA,NA,NA,NA,NA
4,1327,2,41,for,False,0,,NA,,NA,NA,NA,NA,NA,NA
4,1327,2,42,det,False,0,,NA,,NA,NA,NA,NA,NA,NA
4,1327,2,43,kan,False,0,,NA,,NA,NA,NA,NA,NA,NA
4,1327,2,44,ikke,False,0,,NA,,NA,NA,NA,NA,NA,NA
4,1327,2,45,rumme,False,0,,NA,,NA,NA,NA,NA,NA,NA
4,1327,2,46,vores,False,0,,NA,,NA,NA,NA,NA,NA,NA
4,1327,2,47,ideer,False,0,,NA,,NA,NA,NA,NA,NA,NA
4,1327,2,48,og,False,0,,NA,,NA,NA,NA,NA,NA,NA
4,1327,2,49,følelser,False,0,,NA,,NA,NA,NA,NA,NA,NA
4,1327,2,50,mere.,False,0,,NA,,NA,NA,NA,NA,NA,NA
5,1327,3,1,'Jamen,True,1,,368,,368,m,3,368,TBD,TBD
5,1327,3,2,hvad,False,0,,NA,,NA,NA,NA,NA,NA,NA
5,1327,3,3,er,False,0,,NA,,NA,NA,NA,NA,NA,NA
5,1327,3,4,der,False,0,,NA,,NA,NA,NA,NA,NA,NA
5,1327,3,5,i,False,0,,NA,,NA,NA,NA,NA,NA,NA
5,1327,3,6,det,False,0,,NA,,NA,NA,NA,NA,NA,NA
5,1327,3,7,skab?',False,0,,NA,,NA,NA,NA,NA,NA,NA
5,1327,3,8,Der,False,0,,NA,,NA,NA,NA,NA,NA,NA
5,1327,3,9,er,False,0,,NA,,NA,NA,NA,NA,NA,NA
5,1327,3,10,en,False,0,,NA,,NA,NA,NA,NA,NA,NA
5,1327,3,11,opfattelse,False,0,,NA,,NA,NA,NA,NA,NA,NA
5,1327,3,12,af,False,0,,NA,,NA,NA,NA,NA,NA,NA
5,1327,3,13,at,False,0,,NA,,NA,NA,NA,NA,NA,NA
5,1327,3,14,kvinder,False,0,,NA,,NA,NA,NA,NA,NA,NA
5,1327,3,15,og,False,0,,NA,,NA,NA,NA,NA,NA,NA
5,1327,3,16,mænd,False,0,,NA,,NA,NA,NA,NA,NA,NA
5,1327,3,17,skal,False,0,,NA,,NA,NA,NA,NA,NA,NA
5,1327,3,18,"tænke,",False,0,,NA,,NA,NA,NA,NA,NA,NA
5,1327,3,19,"føle,",False,0,,NA,,NA,NA,NA,NA,NA,NA
5,1327,3,20,klæde,False,0,,NA,,NA,NA,NA,NA,NA,NA
5,1327,3,21,sig,False,0,,NA,,NA,NA,NA,NA,NA,NA
5,1327,3,22,og,False,0,,NA,,NA,NA,NA,NA,NA,NA
5,1327,3,23,handle,True,2,,206,,296,h,0,296,TBD,TBD
5,1327,3,24,forskelligt,True,2,,91,,362,k,4,91,TBD,TBD
5,1327,3,25,–,False,0,,NA,,NA,NA,NA,NA,NA,NA
5,1327,3,26,fordi,True,1,,163,,163,f,0,163,163,163
5,1327,3,27,nogle,True,1,,208,,208,n,0,208,208,208
5,1327,3,28,er,False,0,,NA,,NA,NA,NA,NA,NA,NA
5,1327,3,29,kvinder,True,2,,191,,469,k,0,191,TBD,TBD
5,1327,3,30,og,True,1,,127,,127,g,1,127,127,127
5,1327,3,31,andre,False,0,,NA,,NA,NA,NA,NA,NA,NA
5,1327,3,32,er,True,1,,178,,178,r,1,178,178,178
5,1327,3,33,mænd.,False,0,,NA,,NA,NA,NA,NA,NA,NA
5,1327,3,34,Kønsroller,False,0,,NA,,NA,NA,NA,NA,NA,NA
5,1327,3,35,kalder,False,0,,NA,,NA,NA,NA,NA,NA,NA
5,1327,3,36,vi,False,0,,NA,,NA,NA,NA,NA,NA,NA
5,1327,3,37,det.,False,0,,NA,,NA,NA,NA,NA,NA,NA
5,1327,3,38,Men,False,0,,NA,,NA,NA,NA,NA,NA,NA
5,1327,3,39,det,False,0,,NA,,NA,NA,NA,NA,NA,NA
5,1327,3,40,rækker,False,0,,NA,,NA,NA,NA,NA,NA,NA
5,1327,3,41,faktisk,False,0,,NA,,NA,NA,NA,NA,NA,NA
5,1327,3,42,meget,False,0,,NA,,NA,NA,NA,NA,NA,NA
5,1327,3,43,længere,False,0,,NA,,NA,NA,NA,NA,NA,NA
5,1327,3,44,end,False,0,,NA,,NA,NA,NA,NA,NA,NA
5,1327,3,45,bare,False,0,,NA,,NA,NA,NA,NA,NA,NA
5,1327,3,46,til,False,0,,NA,,NA,NA,NA,NA,NA,NA
5,1327,3,47,"roller,",False,0,,NA,,NA,NA,NA,NA,NA,NA
5,1327,3,48,vi,False,0,,NA,,NA,NA,NA,NA,NA,NA
5,1327,3,49,spiller,False,0,,NA,,NA,NA,NA,NA,NA,NA
5,1327,3,50,–,False,0,,NA,,NA,NA,NA,NA,NA,NA
5,1327,3,51,rollerne,False,0,,NA,,NA,NA,NA,NA,NA,NA
5,1327,3,52,invaderer,False,0,,NA,,NA,NA,NA,NA,NA,NA
5,1327,3,53,vores,False,0,,NA,,NA,NA,NA,NA,NA,NA
5,1327,3,54,tanker,False,0,,NA,,NA,NA,NA,NA,NA,NA
5,1327,3,55,og,False,0,,NA,,NA,NA,NA,NA,NA,NA
5,1327,3,56,vores,False,0,,NA,,NA,NA,NA,NA,NA,NA
5,1327,3,57,"følelser,",False,0,,NA,,NA,NA,NA,NA,NA,NA
5,1327,3,58,så,False,0,,NA,,NA,NA,NA,NA,NA,NA
5,1327,3,59,vi,True,1,,147,,147,v,0,147,TBD,TBD
5,1327,3,60,næsten,False,0,,NA,,NA,NA,NA,NA,NA,NA
5,1327,3,61,ikke,False,0,,NA,,NA,NA,NA,NA,NA,NA
5,1327,3,62,kan,False,0,,NA,,NA,NA,NA,NA,NA,NA
5,1327,3,63,tænke,False,0,,NA,,NA,NA,NA,NA,NA,NA
5,1327,3,64,uden,False,0,,NA,,NA,NA,NA,NA,NA,NA
5,1327,3,65,for,False,0,,NA,,NA,NA,NA,NA,NA,NA
5,1327,3,66,"rollen,",False,0,,NA,,NA,NA,NA,NA,NA,NA
5,1327,3,67,så,False,0,,NA,,NA,NA,NA,NA,NA,NA
5,1327,3,68,længe,False,0,,NA,,NA,NA,NA,NA,NA,NA
5,1327,3,69,skabet,False,0,,NA,,NA,NA,NA,NA,NA,NA
5,1327,3,70,omslutter,False,0,,NA,,NA,NA,NA,NA,NA,NA
5,1327,3,71,"os,",False,0,,NA,,NA,NA,NA,NA,NA,NA
5,1327,3,72,og,False,0,,NA,,NA,NA,NA,NA,NA,NA
5,1327,3,73,i,False,0,,NA,,NA,NA,NA,NA,NA,NA
5,1327,3,74,hvert,False,0,,NA,,NA,NA,NA,NA,NA,NA
5,1327,3,75,fald,False,0,,NA,,NA,NA,NA,NA,NA,NA
5,1327,3,76,først,False,0,,NA,,NA,NA,NA,NA,NA,NA
5,1327,3,77,og,False,0,,NA,,NA,NA,NA,NA,NA,NA
5,1327,3,78,fremmest,False,0,,NA,,NA,NA,NA,NA,NA,NA
5,1327,3,79,føler,False,0,,NA,,NA,NA,NA,NA,NA,NA
5,1327,3,80,vi,False,0,,NA,,NA,NA,NA,NA,NA,NA
5,1327,3,81,må,False,0,,NA,,NA,NA,NA,NA,NA,NA
5,1327,3,82,tage,False,0,,NA,,NA,NA,NA,NA,NA,NA
5,1327,3,83,hensyn,True,1,,205,,205,n,5,205,TBD,205
5,1327,3,84,til,False,0,,NA,,NA,NA,NA,NA,NA,NA
5,1327,3,85,"dem,",True,1,,148,,148,e,1,148,148,148
5,1327,3,86,der,False,0,,NA,,NA,NA,NA,NA,NA,NA
5,1327,3,87,er,False,0,,NA,,NA,NA,NA,NA,NA,NA
5,1327,3,88,i,False,0,,NA,,NA,NA,NA,NA,NA,NA
5,1327,3,89,skabet...,True,1,,138,,138,b,3,138,138,138
5,1327,3,90,Spørgsmål:,False,0,,NA,,NA,NA,NA,NA,NA,NA
5,1327,3,91,Mener,False,0,,NA,,NA,NA,NA,NA,NA,NA
5,1327,3,92,taleren,False,0,,NA,,NA,NA,NA,NA,NA,NA
5,1327,3,93,at,False,0,,NA,,NA,NA,NA,NA,NA,NA
5,1327,3,94,kønsroller,False,0,,NA,,NA,NA,NA,NA,NA,NA
5,1327,3,95,både,False,0,,NA,,NA,NA,NA,NA,NA,NA
5,1327,3,96,påvirker,False,0,,NA,,NA,NA,NA,NA,NA,NA
5,1327,3,97,hvordan,False,0,,NA,,NA,NA,NA,NA,NA,NA
5,1327,3,98,vi,False,0,,NA,,NA,NA,NA,NA,NA,NA
5,1327,3,99,handler,False,0,,NA,,NA,NA,NA,NA,NA,NA
5,1327,3,100,og,False,0,,NA,,NA,NA,NA,NA,NA,NA
5,1327,3,101,tænker?,False,0,,NA,,NA,NA,NA,NA,NA,NA
6,1327,4,1,Når,False,0,,NA,,NA,NA,NA,NA,NA,NA
6,1327,4,2,vi,False,0,,NA,,NA,NA,NA,NA,NA,NA
6,1327,4,3,endelig,True,2,,95,,143,n,1,95,TBD,TBD
6,1327,4,4,bryder,False,0,,NA,,NA,NA,NA,NA,NA,NA
6,1327,4,5,ud,False,0,,NA,,NA,NA,NA,NA,NA,NA
6,1327,4,6,af,False,0,,NA,,NA,NA,NA,NA,NA,NA
6,1327,4,7,skabet,False,0,,NA,,NA,NA,NA,NA,NA,NA
6,1327,4,8,og,False,0,,NA,,NA,NA,NA,NA,NA,NA
6,1327,4,9,for,False,0,,NA,,NA,NA,NA,NA,NA,NA
6,1327,4,10,alvor,False,0,,NA,,NA,NA,NA,NA,NA,NA
6,1327,4,11,viser,False,0,,NA,,NA,NA,NA,NA,NA,NA
6,1327,4,12,og,False,0,,NA,,NA,NA,NA,NA,NA,NA
6,1327,4,13,siger,False,0,,NA,,NA,NA,NA,NA,NA,NA
6,1327,4,14,"det,",False,0,,NA,,NA,NA,NA,NA,NA,NA
6,1327,4,15,der,False,0,,NA,,NA,NA,NA,NA,NA,NA
6,1327,4,16,ikke,False,0,,NA,,NA,NA,NA,NA,NA,NA
6,1327,4,17,passer,False,0,,NA,,NA,NA,NA,NA,NA,NA
6,1327,4,18,i,False,0,,NA,,NA,NA,NA,NA,NA,NA
6,1327,4,19,det,False,0,,NA,,NA,NA,NA,NA,NA,NA
6,1327,4,20,normative,False,0,,NA,,NA,NA,NA,NA,NA,NA
6,1327,4,21,"skab,",False,0,,NA,,NA,NA,NA,NA,NA,NA
6,1327,4,22,kan,False,0,,NA,,NA,NA,NA,NA,NA,NA
6,1327,4,23,vi,False,0,,NA,,NA,NA,NA,NA,NA,NA
6,1327,4,24,godt,False,0,,NA,,NA,NA,NA,NA,NA,NA
6,1327,4,25,opleve,True,1,,133,,133,v,4,133,TBD,133
6,1327,4,26,negative,False,0,,NA,,NA,NA,NA,NA,NA,NA
6,1327,4,27,reaktioner,False,0,,NA,,NA,NA,NA,NA,NA,NA
6,1327,4,28,–,False,0,,NA,,NA,NA,NA,NA,NA,NA
6,1327,4,29,men,False,0,,NA,,NA,NA,NA,NA,NA,NA
6,1327,4,30,så,False,0,,NA,,NA,NA,NA,NA,NA,NA
6,1327,4,31,sandelig,False,0,,NA,,NA,NA,NA,NA,NA,NA
6,1327,4,32,også,False,0,,NA,,NA,NA,NA,NA,NA,NA
6,1327,4,33,positive,False,0,,NA,,NA,NA,NA,NA,NA,NA
6,1327,4,34,–,False,0,,NA,,NA,NA,NA,NA,NA,NA
6,1327,4,35,for,False,0,,NA,,NA,NA,NA,NA,NA,NA
6,1327,4,36,vi,False,0,,NA,,NA,NA,NA,NA,NA,NA
6,1327,4,37,er,False,0,,NA,,NA,NA,NA,NA,NA,NA
6,1327,4,38,jo,False,0,,NA,,NA,NA,NA,NA,NA,NA
6,1327,4,39,slet,False,0,,NA,,NA,NA,NA,NA,NA,NA
6,1327,4,40,ikke,False,0,,NA,,NA,NA,NA,NA,NA,NA
6,1327,4,41,alene!,False,0,,NA,,NA,NA,NA,NA,NA,NA
7,1327,5,1,Der,False,0,,NA,,NA,NA,NA,NA,NA,NA
7,1327,5,2,er,True,1,,139,,139,e,0,139,TBD,TBD
7,1327,5,3,nemlig,False,0,,NA,,NA,NA,NA,NA,NA,NA
7,1327,5,4,andre,False,0,,NA,,NA,NA,NA,NA,NA,NA
7,1327,5,5,som,False,0,,NA,,NA,NA,NA,NA,NA,NA
7,1327,5,6,ligner,False,0,,NA,,NA,NA,NA,NA,NA,NA
7,1327,5,7,os,False,0,,NA,,NA,NA,NA,NA,NA,NA
7,1327,5,8,mere,False,0,,NA,,NA,NA,NA,NA,NA,NA
7,1327,5,9,eller,False,0,,NA,,NA,NA,NA,NA,NA,NA
7,1327,5,10,"mindre,",False,0,,NA,,NA,NA,NA,NA,NA,NA
7,1327,5,11,vi,False,0,,NA,,NA,NA,NA,NA,NA,NA
7,1327,5,12,er,False,0,,NA,,NA,NA,NA,NA,NA,NA
7,1327,5,13,en,False,0,,NA,,NA,NA,NA,NA,NA,NA
7,1327,5,14,broget,False,0,,NA,,NA,NA,NA,NA,NA,NA
7,1327,5,15,og,False,0,,NA,,NA,NA,NA,NA,NA,NA
7,1327,5,16,mangfoldig,False,0,,NA,,NA,NA,NA,NA,NA,NA
7,1327,5,17,flok,False,0,,NA,,NA,NA,NA,NA,NA,NA
7,1327,5,18,i,False,0,,NA,,NA,NA,NA,NA,NA,NA
7,1327,5,19,alle,False,0,,NA,,NA,NA,NA,NA,NA,NA
7,1327,5,20,"aldre,",False,0,,NA,,NA,NA,NA,NA,NA,NA
7,1327,5,21,"hudfarver,",True,1,,50,,50,r,5,50,TBD,TBD
7,1327,5,22,kulturelle,False,0,,NA,,NA,NA,NA,NA,NA,NA
7,1327,5,23,"baggrunde,",False,0,,NA,,NA,NA,NA,NA,NA,NA
7,1327,5,24,med,False,0,,NA,,NA,NA,NA,NA,NA,NA
7,1327,5,25,og,False,0,,NA,,NA,NA,NA,NA,NA,NA
7,1327,5,26,uden,False,0,,NA,,NA,NA,NA,NA,NA,NA
7,1327,5,27,"handicap,",False,0,,NA,,NA,NA,NA,NA,NA,NA
7,1327,5,28,med,False,0,,NA,,NA,NA,NA,NA,NA,NA
7,1327,5,29,og,False,0,,NA,,NA,NA,NA,NA,NA,NA
7,1327,5,30,uden,False,0,,NA,,NA,NA,NA,NA,NA,NA
7,1327,5,31,"tro,",False,0,,NA,,NA,NA,NA,NA,NA,NA
7,1327,5,32,af,False,0,,NA,,NA,NA,NA,NA,NA,NA
7,1327,5,33,forskellig,False,0,,NA,,NA,NA,NA,NA,NA,NA
7,1327,5,34,politisk,False,0,,NA,,NA,NA,NA,NA,NA,NA
7,1327,5,35,"overbevisning,",True,1,,49,,49,g,12,49,TBD,49
7,1327,5,36,og,False,0,,NA,,NA,NA,NA,NA,NA,NA
7,1327,5,37,–,False,0,,NA,,NA,NA,NA,NA,NA,NA
7,1327,5,38,vigtigst,False,0,,NA,,NA,NA,NA,NA,NA,NA
7,1327,5,39,for,False,0,,NA,,NA,NA,NA,NA,NA,NA
7,1327,5,40,os,False,0,,NA,,NA,NA,NA,NA,NA,NA
7,1327,5,41,her:,False,0,,NA,,NA,NA,NA,NA,NA,NA
7,1327,5,42,af,False,0,,NA,,NA,NA,NA,NA,NA,NA
7,1327,5,43,flere,False,0,,NA,,NA,NA,NA,NA,NA,NA
7,1327,5,44,forskellige,False,0,,NA,,NA,NA,NA,NA,NA,NA
7,1327,5,45,kønsidentiteter,False,0,,NA,,NA,NA,NA,NA,NA,NA
7,1327,5,46,og,False,0,,NA,,NA,NA,NA,NA,NA,NA
7,1327,5,47,seksuelle,False,0,,NA,,NA,NA,NA,NA,NA,NA
7,1327,5,48,orienteringer.,False,0,,NA,,NA,NA,NA,NA,NA,NA
8,1327,6,1,Fælles,False,0,,NA,,NA,NA,NA,NA,NA,NA
8,1327,6,2,for,True,1,,228,,228,f,0,228,TBD,TBD
8,1327,6,3,os,False,0,,NA,,NA,NA,NA,NA,NA,NA
8,1327,6,4,"er,",False,0,,NA,,NA,NA,NA,NA,NA,NA
8,1327,6,5,at,False,0,,NA,,NA,NA,NA,NA,NA,NA
8,1327,6,6,vi,False,0,,NA,,NA,NA,NA,NA,NA,NA
8,1327,6,7,er,False,0,,NA,,NA,NA,NA,NA,NA,NA
8,1327,6,8,en,False,0,,NA,,NA,NA,NA,NA,NA,NA
8,1327,6,9,regnbueminoritet,True,1,,384,,384,m,7,384,384,384
8,1327,6,10,i,False,0,,NA,,NA,NA,NA,NA,NA,NA
8,1327,6,11,forhold,False,0,,NA,,NA,NA,NA,NA,NA,NA
8,1327,6,12,til,False,0,,NA,,NA,NA,NA,NA,NA,NA
8,1327,6,13,flertallets,False,0,,NA,,NA,NA,NA,NA,NA,NA
8,1327,6,14,skab,False,0,,NA,,NA,NA,NA,NA,NA,NA
8,1327,6,15,–,False,0,,NA,,NA,NA,NA,NA,NA,NA
8,1327,6,16,men,False,0,,NA,,NA,NA,NA,NA,NA,NA
8,1327,6,17,det,False,0,,NA,,NA,NA,NA,NA,NA,NA
8,1327,6,18,betyder,False,0,,NA,,NA,NA,NA,NA,NA,NA
8,1327,6,19,ikke,False,0,,NA,,NA,NA,NA,NA,NA,NA
8,1327,6,20,at,False,0,,NA,,NA,NA,NA,NA,NA,NA
8,1327,6,21,majoriteten,True,3,,134,,599,e,9,134,TBD,TBD
8,1327,6,22,har,False,0,,NA,,NA,NA,NA,NA,NA,NA
8,1327,6,23,ret.,True,3,,115,,505,r,0,115,TBD,505
8,1327,6,24,Vi,False,0,,NA,,NA,NA,NA,NA,NA,NA
8,1327,6,25,vil,False,0,,NA,,NA,NA,NA,NA,NA,NA
8,1327,6,26,udefra,True,2,,165,,441,e,2,165,441,441
8,1327,6,27,informere,False,0,,NA,,NA,NA,NA,NA,NA,NA
8,1327,6,28,"om,",True,3,,137,,294,",",2,137,294,294
8,1327,6,29,at,False,0,,NA,,NA,NA,NA,NA,NA,NA
8,1327,6,30,der,False,0,,NA,,NA,NA,NA,NA,NA,NA
8,1327,6,31,er,False,0,,NA,,NA,NA,NA,NA,NA,NA
8,1327,6,32,andre,False,0,,NA,,NA,NA,NA,NA,NA,NA
8,1327,6,33,måder,False,0,,NA,,NA,NA,NA,NA,NA,NA
8,1327,6,34,at,False,0,,NA,,NA,NA,NA,NA,NA,NA
8,1327,6,35,se,False,0,,NA,,NA,NA,NA,NA,NA,NA
8,1327,6,36,tingene,False,0,,NA,,NA,NA,NA,NA,NA,NA
8,1327,6,37,"på,",False,0,,NA,,NA,NA,NA,NA,NA,NA
8,1327,6,38,tilbyde,False,0,,NA,,NA,NA,NA,NA,NA,NA
8,1327,6,39,et,False,0,,NA,,NA,NA,NA,NA,NA,NA
8,1327,6,40,alternativt,False,0,,NA,,NA,NA,NA,NA,NA,NA
8,1327,6,41,syn,False,0,,NA,,NA,NA,NA,NA,NA,NA
8,1327,6,42,på,False,0,,NA,,NA,NA,NA,NA,NA,NA
8,1327,6,43,livet,False,0,,NA,,NA,NA,NA,NA,NA,NA
8,1327,6,44,og,False,0,,NA,,NA,NA,NA,NA,NA,NA
8,1327,6,45,"verden,",False,0,,NA,,NA,NA,NA,NA,NA,NA
8,1327,6,46,som,False,0,,NA,,NA,NA,NA,NA,NA,NA
8,1327,6,47,kan,False,0,,NA,,NA,NA,NA,NA,NA,NA
8,1327,6,48,hjælpe,False,0,,NA,,NA,NA,NA,NA,NA,NA
8,1327,6,49,nogle,False,0,,NA,,NA,NA,NA,NA,NA,NA
8,1327,6,50,–,False,0,,NA,,NA,NA,NA,NA,NA,NA
8,1327,6,51,især,False,0,,NA,,NA,NA,NA,NA,NA,NA
8,1327,6,52,børn,False,0,,NA,,NA,NA,NA,NA,NA,NA
8,1327,6,53,og,False,0,,NA,,NA,NA,NA,NA,NA,NA
8,1327,6,54,unge,False,0,,NA,,NA,NA,NA,NA,NA,NA
8,1327,6,55,–,False,0,,NA,,NA,NA,NA,NA,NA,NA
8,1327,6,56,ud,False,0,,NA,,NA,NA,NA,NA,NA,NA
8,1327,6,57,af,False,0,,NA,,NA,NA,NA,NA,NA,NA
8,1327,6,58,et,False,0,,NA,,NA,NA,NA,NA,NA,NA
8,1327,6,59,"skab,",False,0,,NA,,NA,NA,NA,NA,NA,NA
8,1327,6,60,de,False,0,,NA,,NA,NA,NA,NA,NA,NA
8,1327,6,61,mistrives,False,0,,NA,,NA,NA,NA,NA,NA,NA
8,1327,6,62,i.,False,0,,NA,,NA,NA,NA,NA,NA,NA
8,1327,6,63,Spørgsmål:,False,0,,NA,,NA,NA,NA,NA,NA,NA
8,1327,6,64,Mener,False,0,,NA,,NA,NA,NA,NA,NA,NA
8,1327,6,65,taleren,False,0,,NA,,NA,NA,NA,NA,NA,NA
8,1327,6,66,at,False,0,,NA,,NA,NA,NA,NA,NA,NA
8,1327,6,67,minoriteter,False,0,,NA,,NA,NA,NA,NA,NA,NA
8,1327,6,68,bør,False,0,,NA,,NA,NA,NA,NA,NA,NA
8,1327,6,69,tie,False,0,,NA,,NA,NA,NA,NA,NA,NA
8,1327,6,70,med,False,0,,NA,,NA,NA,NA,NA,NA,NA
8,1327,6,71,deres,False,0,,NA,,NA,NA,NA,NA,NA,NA
8,1327,6,72,verdenssyn?,False,0,,NA,,NA,NA,NA,NA,NA,NA
9,1327,7,1,Lad,False,0,,NA,,NA,NA,NA,NA,NA,NA
9,1327,7,2,os,True,1,,142,,142,s,1,142,TBD,TBD
9,1327,7,3,brænde,False,0,,NA,,NA,NA,NA,NA,NA,NA
9,1327,7,4,skabet,True,1,,123,,123,s,0,123,TBD,123
9,1327,7,5,med,False,0,,NA,,NA,NA,NA,NA,NA,NA
9,1327,7,6,"normerne,",False,0,,NA,,NA,NA,NA,NA,NA,NA
9,1327,7,7,så,False,0,,NA,,NA,NA,NA,NA,NA,NA
9,1327,7,8,vi,False,0,,NA,,NA,NA,NA,NA,NA,NA
9,1327,7,9,frigøres,False,0,,NA,,NA,NA,NA,NA,NA,NA
9,1327,7,10,fra,False,0,,NA,,NA,NA,NA,NA,NA,NA
9,1327,7,11,dem,False,0,,NA,,NA,NA,NA,NA,NA,NA
9,1327,7,12,og,False,0,,NA,,NA,NA,NA,NA,NA,NA
9,1327,7,13,får,False,0,,NA,,NA,NA,NA,NA,NA,NA
9,1327,7,14,retten,False,0,,NA,,NA,NA,NA,NA,NA,NA
9,1327,7,15,til,False,0,,NA,,NA,NA,NA,NA,NA,NA
9,1327,7,16,at,False,0,,NA,,NA,NA,NA,NA,NA,NA
9,1327,7,17,være,False,0,,NA,,NA,NA,NA,NA,NA,NA
9,1327,7,18,"dem,",False,0,,NA,,NA,NA,NA,NA,NA,NA
9,1327,7,19,vi,False,0,,NA,,NA,NA,NA,NA,NA,NA
9,1327,7,20,faktisk,False,0,,NA,,NA,NA,NA,NA,NA,NA
9,1327,7,21,er!,False,0,,NA,,NA,NA,NA,NA,NA,NA
10,7946,-1,1,NY,False,0,,NA,,NA,NA,NA,NA,NA,NA
10,7946,-1,2,TALE,True,1,,145,,145,A,1,145,TBD,TBD
10,7946,-1,3,BEGYNDER,True,1,,123,,123,B,0,123,TBD,123
10,7946,-1,4,NU,True,1,,293,,293,N,0,293,293,293
11,7946,0,1,"Godaften,",False,0,,NA,,NA,NA,NA,NA,NA,NA
11,7946,0,2,og,False,0,,NA,,NA,NA,NA,NA,NA,NA
11,7946,0,3,tak,False,0,,NA,,NA,NA,NA,NA,NA,NA
11,7946,0,4,fordi,True,2,,302,,517,r,2,302,TBD,TBD
11,7946,0,5,jeg,False,0,,NA,,NA,NA,NA,NA,NA,NA
11,7946,0,6,må,False,0,,NA,,NA,NA,NA,NA,NA,NA
11,7946,0,7,komme,True,1,,166,,166,k,0,166,166,166
11,7946,0,8,og,False,0,,NA,,NA,NA,NA,NA,NA,NA
11,7946,0,9,holde,True,1,,151,,151,h,0,151,151,151
11,7946,0,10,årets,True,1,,206,,206,r,1,206,TBD,TBD
11,7946,0,11,båltale.,True,1,,193,,193,t,3,193,193,193
11,7946,0,12,Jeg,False,0,,NA,,NA,NA,NA,NA,NA,NA
11,7946,0,13,har,False,0,,NA,,NA,NA,NA,NA,NA,NA
11,7946,0,14,glædet,True,1,,221,,221,æ,2,221,221,221
11,7946,0,15,mig,True,1,,134,,134,i,1,134,TBD,TBD
11,7946,0,16,til,False,0,,NA,,NA,NA,NA,NA,NA,NA
11,7946,0,17,skulle,True,2,,180,,303,s,0,180,303,303
11,7946,0,18,stå,True,1,,163,,163,å,2,163,163,163
11,7946,0,19,her,True,1,,257,,257,r,2,257,257,257
11,7946,0,20,i,False,0,,NA,,NA,NA,NA,NA,NA,NA
11,7946,0,21,aften,True,1,,109,,109,n,4,109,TBD,TBD
11,7946,0,22,og,False,0,,NA,,NA,NA,NA,NA,NA,NA
11,7946,0,23,holde,True,1,,138,,138,h,0,138,138,138
11,7946,0,24,båltalen,True,1,,278,,278,a,4,278,278,278
11,7946,0,25,og,False,0,,NA,,NA,NA,NA,NA,NA,NA
11,7946,0,26,dermed,True,1,,208,,208,e,4,208,TBD,TBD
11,7946,0,27,fejre,True,1,,237,,237,j,2,237,237,237
11,7946,0,28,midsommer,True,1,,194,,194,m,6,194,194,194
11,7946,0,29,eller,False,0,,NA,,NA,NA,NA,NA,NA,NA
11,7946,0,30,Sankt,True,1,,56,,56,t,4,56,56,56
11,7946,0,31,Hans,False,0,,NA,,NA,NA,NA,NA,NA,NA
11,7946,0,32,"aften,",True,1,,103,,103,f,1,103,103,103
11,7946,0,33,som,False,0,,NA,,NA,NA,NA,NA,NA,NA
11,7946,0,34,det,False,0,,NA,,NA,NA,NA,NA,NA,NA
11,7946,0,35,jo,True,1,,157,,157,o,1,157,157,157
11,7946,0,36,også,False,0,,NA,,NA,NA,NA,NA,NA,NA
11,7946,0,37,"hedder,",True,1,,242,,242,d,3,242,242,242
11,7946,0,38,sammen,False,0,,NA,,NA,NA,NA,NA,NA,NA
11,7946,0,39,med,True,1,,165,,165,m,0,165,165,165
11,7946,0,40,alle,False,0,,NA,,NA,NA,NA,NA,NA,NA
11,7946,0,41,jer.,True,1,,222,,222,e,1,222,222,222
11,7946,0,42,Midsommer,True,1,,191,,191,e,7,191,191,191
11,7946,0,43,er,False,0,,NA,,NA,NA,NA,NA,NA,NA
11,7946,0,44,en,False,0,,NA,,NA,NA,NA,NA,NA,NA
11,7946,0,45,helt,False,0,,NA,,NA,NA,NA,NA,NA,NA
11,7946,0,46,speciel,True,1,,299,,299,p,1,299,299,299
11,7946,0,47,tid,False,0,,NA,,NA,NA,NA,NA,NA,NA
11,7946,0,48,for,True,1,,188,,188,f,0,188,TBD,TBD
11,7946,0,49,"mig,",True,1,,146,,146,i,1,146,146,146
11,7946,0,50,den,False,0,,NA,,NA,NA,NA,NA,NA,NA
11,7946,0,51,er,False,0,,NA,,NA,NA,NA,NA,NA,NA
11,7946,0,52,faktisk,True,1,,94,,94,i,4,94,94,94
11,7946,0,53,lige,True,1,,141,,141,e,3,141,141,141
11,7946,0,54,så,False,0,,NA,,NA,NA,NA,NA,NA,NA
11,7946,0,55,vigtigt,True,2,,289,,412,g,5,289,TBD,TBD
11,7946,0,56,for,False,0,,NA,,NA,NA,NA,NA,NA,NA
11,7946,0,57,mig,True,1,,229,,229,g,2,229,TBD,TBD
11,7946,0,58,som,False,0,,NA,,NA,NA,NA,NA,NA,NA
11,7946,0,59,julen.,True,2,,144,,312,j,0,144,312,312
11,7946,0,60,For,False,0,,NA,,NA,NA,NA,NA,NA,NA
11,7946,0,61,hvor,True,2,,239,,337,v,1,337,TBD,TBD
11,7946,0,62,vi,True,1,,309,,309,i,1,309,TBD,TBD
11,7946,0,63,ved,True,2,,186,,503,e,1,503,503,503
11,7946,0,64,jul,False,0,,NA,,NA,NA,NA,NA,NA,NA
11,7946,0,65,mødes,True,2,,173,,436,s,4,436,TBD,TBD
11,7946,0,66,i,True,1,,188,,188,i,0,188,188,188
11,7946,0,67,mørket,True,3,,272,,670,r,2,272,TBD,TBD
11,7946,0,68,om,False,0,,NA,,NA,NA,NA,NA,NA,NA
11,7946,0,69,de,False,0,,NA,,NA,NA,NA,NA,NA,NA
11,7946,0,70,små,True,1,,222,,222,å,2,222,222,222
11,7946,0,71,lys.,True,1,,67,,67,.,3,67,67,67
11,7946,0,72,Så,False,0,,NA,,NA,NA,NA,NA,NA,NA
11,7946,0,73,mødes,True,1,,178,,178,ø,1,178,TBD,TBD
11,7946,0,74,vi,True,1,,147,,147,i,1,147,147,147
11,7946,0,75,i,False,0,,NA,,NA,NA,NA,NA,NA,NA
11,7946,0,76,aften,True,1,,249,,249,e,3,249,249,249
11,7946,0,77,i,False,0,,NA,,NA,NA,NA,NA,NA,NA
11,7946,0,78,det,False,0,,NA,,NA,NA,NA,NA,NA,NA
11,7946,0,79,lille,True,3,,226,,556,l,3,226,TBD,TBD
11,7946,0,80,mørke,True,1,,187,,187,k,3,187,187,187
11,7946,0,81,for,True,1,,168,,168,f,0,168,TBD,TBD
11,7946,0,82,sammen,True,3,,255,,600,a,1,255,TBD,TBD
11,7946,0,83,at,True,1,,140,,140,a,0,140,140,140
11,7946,0,84,fejre,True,1,,201,,201,e,4,201,201,201
11,7946,0,85,det,False,0,,NA,,NA,NA,NA,NA,NA,NA
11,7946,0,86,helt,False,0,,NA,,NA,NA,NA,NA,NA,NA
11,7946,0,87,store,True,1,,324,,324,o,2,324,324,324
11,7946,0,88,lys.,True,1,,129,,129,.,3,129,129,129
11,7946,0,89,"Velvidende,",True,3,,290,,623,n,7,473,TBD,TBD
11,7946,0,90,at,False,0,,NA,,NA,NA,NA,NA,NA,NA
11,7946,0,91,nu,False,0,,NA,,NA,NA,NA,NA,NA,NA
11,7946,0,92,drejer,True,3,,224,,523,e,4,430,TBD,TBD
11,7946,0,93,årstidshjulet,True,2,,167,,357,h,7,167,TBD,TBD
11,7946,0,94,en,False,0,,NA,,NA,NA,NA,NA,NA,NA
11,7946,0,95,tak.,True,1,,102,,102,t,0,102,TBD,TBD
11,7946,0,96,Nu,True,1,,344,,344,N,0,344,TBD,344
11,7946,0,97,står,True,1,,158,,158,s,0,158,158,158
11,7946,0,98,vi,False,0,,NA,,NA,NA,NA,NA,NA,NA
11,7946,0,99,midt,True,1,,134,,134,d,2,134,TBD,TBD
11,7946,0,100,i,True,1,,151,,151,i,0,151,TBD,151
11,7946,0,101,"sommeren,",False,0,,NA,,NA,NA,NA,NA,NA,NA
11,7946,0,102,og,False,0,,NA,,NA,NA,NA,NA,NA,NA
11,7946,0,103,vi,False,0,,NA,,NA,NA,NA,NA,NA,NA
11,7946,0,104,går,True,1,,266,,266,r,2,266,266,266
11,7946,0,105,dermed,True,1,,173,,173,e,1,173,TBD,TBD
11,7946,0,106,...,True,1,,112,,112,.,0,112,112,112
11,7946,0,107,"ja,",True,1,,175,,175,j,0,175,175,175
11,7946,0,108,jeg,False,0,,NA,,NA,NA,NA,NA,NA,NA
11,7946,0,109,er,True,1,,219,,219,e,0,219,219,219
11,7946,0,110,ked,True,1,,172,,172,k,0,172,172,172
11,7946,0,111,af,False,0,,NA,,NA,NA,NA,NA,NA,NA
11,7946,0,112,at,True,2,,161,,340,a,0,340,TBD,340
11,7946,0,113,sige,False,0,,NA,,NA,NA,NA,NA,NA,NA
11,7946,0,114,det,True,1,,74,,74,t,2,74,74,74
11,7946,0,115,...,False,0,,NA,,NA,NA,NA,NA,NA,NA
11,7946,0,116,men,False,0,,NA,,NA,NA,NA,NA,NA,NA
11,7946,0,117,vi,False,0,,NA,,NA,NA,NA,NA,NA,NA
11,7946,0,118,går,True,1,,256,,256,å,1,256,256,256
11,7946,0,119,faktisk,True,1,,154,,154,k,6,154,154,154
11,7946,0,120,mod,False,0,,NA,,NA,NA,NA,NA,NA,NA
11,7946,0,121,mere,False,0,,NA,,NA,NA,NA,NA,NA,NA
11,7946,0,122,mørke,True,2,,388,,558,m,0,388,558,558
11,7946,0,123,tider.,False,0,,NA,,NA,NA,NA,NA,NA,NA
12,7946,1,1,Men,False,0,,NA,,NA,NA,NA,NA,NA,NA
12,7946,1,2,lad,True,1,,221,,221,d,2,221,TBD,TBD
12,7946,1,3,os,False,0,,NA,,NA,NA,NA,NA,NA,NA
12,7946,1,4,nu,False,0,,NA,,NA,NA,NA,NA,NA,NA
12,7946,1,5,glemme,True,1,,103,,103,l,1,103,TBD,TBD
12,7946,1,6,det,True,1,,155,,155,t,2,155,155,155
12,7946,1,7,for,False,0,,NA,,NA,NA,NA,NA,NA,NA
12,7946,1,8,en,False,0,,NA,,NA,NA,NA,NA,NA,NA
12,7946,1,9,stund,True,1,,185,,185,u,2,185,185,185
12,7946,1,10,og,False,0,,NA,,NA,NA,NA,NA,NA,NA
12,7946,1,11,i,False,0,,NA,,NA,NA,NA,NA,NA,NA
12,7946,1,12,stedet,True,1,,100,,100,t,5,100,100,100
12,7946,1,13,glæde,True,1,,124,,124,g,0,124,124,124
12,7946,1,14,os,False,0,,NA,,NA,NA,NA,NA,NA,NA
12,7946,1,15,over,True,1,,199,,199,r,3,199,199,199
12,7946,1,16,lyset.,False,0,,NA,,NA,NA,NA,NA,NA,NA
12,7946,1,17,Og,False,0,,NA,,NA,NA,NA,NA,NA,NA
12,7946,1,18,lad,False,0,,NA,,NA,NA,NA,NA,NA,NA
12,7946,1,19,os,True,1,,142,,142,s,1,142,TBD,TBD
12,7946,1,20,glæde,True,1,,129,,129,g,0,129,129,129
12,7946,1,21,os,True,1,,240,,240,o,0,240,240,240
12,7946,1,22,så,False,0,,NA,,NA,NA,NA,NA,NA,NA
12,7946,1,23,"meget,",True,2,,214,,438,m,0,263,438,438
12,7946,1,24,at,False,0,,NA,,NA,NA,NA,NA,NA,NA
12,7946,1,25,vi,False,0,,NA,,NA,NA,NA,NA,NA,NA
12,7946,1,26,også,True,1,,288,,288,g,1,288,288,288
12,7946,1,27,her,False,0,,NA,,NA,NA,NA,NA,NA,NA
12,7946,1,28,i,False,0,,NA,,NA,NA,NA,NA,NA,NA
12,7946,1,29,aften,True,2,,158,,328,t,2,158,328,328
12,7946,1,30,tænder,True,1,,161,,161,r,5,161,161,161
12,7946,1,31,lys.,False,0,,NA,,NA,NA,NA,NA,NA,NA
12,7946,1,32,Og,False,0,,NA,,NA,NA,NA,NA,NA,NA
12,7946,1,33,hygger,True,1,,358,,358,r,5,358,358,358
12,7946,1,34,og,False,0,,NA,,NA,NA,NA,NA,NA,NA
12,7946,1,35,er,False,0,,NA,,NA,NA,NA,NA,NA,NA
12,7946,1,36,sammen.,True,2,,88,,348,m,2,88,348,348
12,7946,1,37,For,False,0,,NA,,NA,NA,NA,NA,NA,NA
12,7946,1,38,når,False,0,,NA,,NA,NA,NA,NA,NA,NA
12,7946,1,39,vi,True,1,,361,,361,v,0,361,361,361
12,7946,1,40,så,False,0,,NA,,NA,NA,NA,NA,NA,NA
12,7946,1,41,vælger,True,2,,207,,578,g,3,207,TBD,TBD
12,7946,1,42,at,False,0,,NA,,NA,NA,NA,NA,NA,NA
12,7946,1,43,gå,True,2,,162,,254,å,1,254,254,254
12,7946,1,44,ud,True,1,,223,,223,d,1,223,223,223
12,7946,1,45,af,True,1,,138,,138,a,0,138,TBD,TBD
12,7946,1,46,vore,True,2,,136,,354,o,1,354,TBD,TBD
12,7946,1,47,huse.,True,1,,252,,252,s,2,252,252,252
12,7946,1,48,Ud,True,1,,137,,137,d,1,137,137,137
12,7946,1,49,af,True,1,,186,,186,a,0,186,TBD,TBD
12,7946,1,50,vores,True,1,,200,,200,s,4,200,200,200
12,7946,1,51,carporte,False,0,,NA,,NA,NA,NA,NA,NA,NA
12,7946,1,52,og,False,0,,NA,,NA,NA,NA,NA,NA,NA
12,7946,1,53,stige,True,1,,273,,273,e,4,273,273,273
12,7946,1,54,ned,False,0,,NA,,NA,NA,NA,NA,NA,NA
12,7946,1,55,fra,True,1,,194,,194,f,0,194,TBD,TBD
12,7946,1,56,vore,False,0,,NA,,NA,NA,NA,NA,NA,NA
12,7946,1,57,cykler,True,1,,166,,166,c,0,166,166,166
12,7946,1,58,og,True,1,,161,,161,g,1,161,161,161
12,7946,1,59,ud,False,0,,NA,,NA,NA,NA,NA,NA,NA
12,7946,1,60,af,False,0,,NA,,NA,NA,NA,NA,NA,NA
12,7946,1,61,vore,True,1,,484,,484,r,2,484,484,484
12,7946,1,62,biler.,False,0,,NA,,NA,NA,NA,NA,NA,NA
12,7946,1,63,For,False,0,,NA,,NA,NA,NA,NA,NA,NA
12,7946,1,64,at,False,0,,NA,,NA,NA,NA,NA,NA,NA
12,7946,1,65,stå,True,2,,64,,252,t,1,64,252,252
12,7946,1,66,her,False,0,,NA,,NA,NA,NA,NA,NA,NA
12,7946,1,67,sammen.,True,2,,220,,323,a,1,220,323,323
12,7946,1,68,Er,False,0,,NA,,NA,NA,NA,NA,NA,NA
12,7946,1,69,det,True,1,,145,,145,d,0,145,TBD,TBD
12,7946,1,70,vel,True,1,,142,,142,e,1,142,142,142
12,7946,1,71,egentlig,True,1,,194,,194,l,5,194,194,194
12,7946,1,72,"også,",False,0,,NA,,NA,NA,NA,NA,NA,NA
12,7946,1,73,fordi,True,1,,185,,185,f,0,185,185,185
12,7946,1,74,vi,False,0,,NA,,NA,NA,NA,NA,NA,NA
12,7946,1,75,ønsker,True,1,,493,,493,s,2,493,493,493
12,7946,1,76,at,False,0,,NA,,NA,NA,NA,NA,NA,NA
12,7946,1,77,dele,False,0,,NA,,NA,NA,NA,NA,NA,NA
12,7946,1,78,denne,True,2,,85,,235,d,0,235,TBD,TBD
12,7946,1,79,begejstring,True,2,,162,,304,b,0,162,304,304
12,7946,1,80,for,False,0,,NA,,NA,NA,NA,NA,NA,NA
12,7946,1,81,lyset,True,1,,160,,160,s,2,160,TBD,TBD
12,7946,1,82,med,True,1,,214,,214,e,1,214,214,214
12,7946,1,83,hinanden.,False,0,,NA,,NA,NA,NA,NA,NA,NA
12,7946,1,84,For,False,0,,NA,,NA,NA,NA,NA,NA,NA
12,7946,1,85,hver,True,2,,185,,290,h,0,185,290,290
12,7946,1,86,eneste,True,1,,204,,204,n,1,204,TBD,TBD
12,7946,1,87,af,True,1,,112,,112,f,1,112,112,112
12,7946,1,88,jer.,True,1,,207,,207,j,0,207,207,207
12,7946,1,89,Er,False,0,,NA,,NA,NA,NA,NA,NA,NA
12,7946,1,90,der,True,2,,174,,346,e,1,174,TBD,TBD
12,7946,1,91,"noget,",True,3,,152,,677,e,3,547,TBD,TBD
12,7946,1,92,der,False,0,,NA,,NA,NA,NA,NA,NA,NA
12,7946,1,93,"gør,",True,4,,87,,1077,r,2,698,TBD,TBD
12,7946,1,94,at,False,0,,NA,,NA,NA,NA,NA,NA,NA
12,7946,1,95,I,True,1,,219,,219,I,0,219,TBD,TBD
12,7946,1,96,ikke,True,5,,179,,868,e,3,467,TBD,TBD
12,7946,1,97,"synes,",True,3,,164,,575,s,4,164,TBD,575
12,7946,1,98,det,True,1,,135,,135,d,0,135,135,135
12,7946,1,99,er,True,1,,278,,278,e,0,278,TBD,TBD
12,7946,1,100,nok,True,2,,260,,506,k,2,260,506,506
12,7946,1,101,bare,True,3,,112,,740,r,2,112,TBD,TBD
12,7946,1,102,at,True,2,,31,,318,a,0,31,318,318
12,7946,1,103,tænde,True,2,,220,,352,t,0,220,TBD,352
12,7946,1,104,et,True,1,,233,,233,e,0,233,233,233
12,7946,1,105,fyrfadslys,True,3,,119,,547,s,9,119,TBD,547
12,7946,1,106,og,True,1,,107,,107,o,0,107,107,107
12,7946,1,107,passe,True,1,,199,,199,s,2,199,TBD,TBD
12,7946,1,108,parcellen.,True,2,,204,,349,c,3,349,TBD,349
13,7946,2,1,"Nej,",True,1,,162,,162,",",3,162,TBD,TBD
13,7946,2,2,både,True,2,,93,,239,e,3,239,TBD,TBD
13,7946,2,3,I,True,1,,150,,150,I,0,150,TBD,TBD
13,7946,2,4,børn,False,0,,NA,,NA,NA,NA,NA,NA,NA
13,7946,2,5,og,True,3,,55,,394,g,1,180,TBD,TBD
13,7946,2,6,I,False,0,,NA,,NA,NA,NA,NA,NA,NA
13,7946,2,7,voksne,True,3,,218,,454,s,3,316,TBD,TBD
13,7946,2,8,har,True,1,,224,,224,r,2,224,224,224
13,7946,2,9,søgt,True,2,,160,,288,g,2,160,288,288
13,7946,2,10,mod,True,1,,174,,174,m,0,174,174,174
13,7946,2,11,det,False,0,,NA,,NA,NA,NA,NA,NA,NA
13,7946,2,12,her,True,1,,112,,112,h,0,112,TBD,TBD
13,7946,2,13,fælleskab.,True,1,,197,,197,æ,1,197,197,197
13,7946,2,14,Og,False,0,,NA,,NA,NA,NA,NA,NA,NA
13,7946,2,15,hvorfor,True,1,,66,,66,r,6,66,66,66
13,7946,2,16,gør,True,1,,218,,218,r,2,218,218,218
13,7946,2,17,vi,False,0,,NA,,NA,NA,NA,NA,NA,NA
13,7946,2,18,egentlig,True,2,,223,,495,i,6,223,TBD,TBD
13,7946,2,19,det,False,0,,NA,,NA,NA,NA,NA,NA,NA
13,7946,2,20,som,True,2,,283,,471,o,1,283,471,471
13,7946,2,21,moderne,True,1,,194,,194,r,4,194,TBD,TBD
13,7946,2,22,mennesker,True,1,,135,,135,e,1,135,135,135
13,7946,2,23,midt,False,0,,NA,,NA,NA,NA,NA,NA,NA
13,7946,2,24,i,True,1,,293,,293,i,0,293,293,293
13,7946,2,25,en,False,0,,NA,,NA,NA,NA,NA,NA,NA
13,7946,2,26,online,True,1,,145,,145,l,2,145,TBD,TBD
13,7946,2,27,tid?,True,1,,190,,190,t,0,190,190,190
13,7946,2,28,Jamen,False,0,,NA,,NA,NA,NA,NA,NA,NA
13,7946,2,29,så,True,1,,274,,274,å,1,274,274,274
13,7946,2,30,er,False,0,,NA,,NA,NA,NA,NA,NA,NA
13,7946,2,31,det,False,0,,NA,,NA,NA,NA,NA,NA,NA
13,7946,2,32,vel,True,1,,342,,342,l,2,342,342,342
13,7946,2,33,fordi,True,1,,159,,159,i,4,159,159,159
13,7946,2,34,–,False,0,,NA,,NA,NA,NA,NA,NA,NA
13,7946,2,35,og,False,0,,NA,,NA,NA,NA,NA,NA,NA
13,7946,2,36,pardon,True,1,,264,,264,o,4,264,264,264
13,7946,2,37,my,False,0,,NA,,NA,NA,NA,NA,NA,NA
13,7946,2,38,french,True,1,,166,,166,n,3,166,166,166
13,7946,2,39,–,False,0,,NA,,NA,NA,NA,NA,NA,NA
13,7946,2,40,at,False,0,,NA,,NA,NA,NA,NA,NA,NA
13,7946,2,41,det,True,1,,178,,178,t,2,178,178,178
13,7946,2,42,sgu,True,1,,197,,197,u,2,197,197,197
13,7946,2,43,ikke,False,0,,NA,,NA,NA,NA,NA,NA,NA
13,7946,2,44,bare,True,2,,165,,410,b,0,165,TBD,TBD
13,7946,2,45,er,True,1,,114,,114,r,1,114,114,114
13,7946,2,46,noget,False,0,,NA,,NA,NA,NA,NA,NA,NA
13,7946,2,47,middelalderligt,True,2,,211,,387,a,6,211,387,387
13,7946,2,48,pjat,False,0,,NA,,NA,NA,NA,NA,NA,NA
13,7946,2,49,med,True,1,,345,,345,d,2,345,345,345
13,7946,2,50,hekse,False,0,,NA,,NA,NA,NA,NA,NA,NA
13,7946,2,51,og,False,0,,NA,,NA,NA,NA,NA,NA,NA
13,7946,2,52,helgener.,True,1,,135,,135,n,5,135,135,135
13,7946,2,53,Eller,False,0,,NA,,NA,NA,NA,NA,NA,NA
13,7946,2,54,vikingetidens,True,3,,89,,479,g,5,89,TBD,TBD
13,7946,2,55,Frejakult.,True,1,,374,,374,u,6,374,374,374
13,7946,2,56,Så,False,0,,NA,,NA,NA,NA,NA,NA,NA
13,7946,2,57,er,True,1,,175,,175,r,1,175,175,175
13,7946,2,58,"det,",False,0,,NA,,NA,NA,NA,NA,NA,NA
13,7946,2,59,fordi,True,1,,214,,214,d,3,214,214,214
13,7946,2,60,det,False,0,,NA,,NA,NA,NA,NA,NA,NA
13,7946,2,61,giver,False,0,,NA,,NA,NA,NA,NA,NA,NA
13,7946,2,62,mening.,True,1,,201,,201,e,1,201,201,201
13,7946,2,63,Så,False,0,,NA,,NA,NA,NA,NA,NA,NA
13,7946,2,64,vil,True,1,,144,,144,l,2,144,TBD,TBD
13,7946,2,65,jeg,False,0,,NA,,NA,NA,NA,NA,NA,NA
13,7946,2,66,gætte,True,2,,175,,327,g,0,175,TBD,TBD
13,7946,2,67,"på,",True,1,,155,,155,",",2,155,TBD,TBD
13,7946,2,68,at,False,0,,NA,,NA,NA,NA,NA,NA,NA
13,7946,2,69,I,False,0,,NA,,NA,NA,NA,NA,NA,NA
13,7946,2,70,er,False,0,,NA,,NA,NA,NA,NA,NA,NA
13,7946,2,71,"kommet,",True,2,,335,,408,o,1,335,408,408
13,7946,2,72,fordi,True,1,,109,,109,i,4,109,TBD,TBD
13,7946,2,73,midsommerfælleskabet,True,1,,254,,254,m,6,254,254,254
13,7946,2,74,og,False,0,,NA,,NA,NA,NA,NA,NA,NA
13,7946,2,75,det,True,1,,167,,167,t,2,167,167,167
13,7946,2,76,store,True,1,,170,,170,e,4,170,TBD,TBD
13,7946,2,77,bål,False,0,,NA,,NA,NA,NA,NA,NA,NA
13,7946,2,78,på,False,0,,NA,,NA,NA,NA,NA,NA,NA
13,7946,2,79,en,True,1,,151,,151,e,0,151,151,151
13,7946,2,80,eller,False,0,,NA,,NA,NA,NA,NA,NA,NA
13,7946,2,81,anden,False,0,,NA,,NA,NA,NA,NA,NA,NA
13,7946,2,82,måde,True,1,,222,,222,å,1,222,222,222
13,7946,2,83,siger,True,1,,86,,86,r,4,86,TBD,TBD
13,7946,2,84,noget,True,1,,177,,177,e,3,177,177,177
13,7946,2,85,for,False,0,,NA,,NA,NA,NA,NA,NA,NA
13,7946,2,86,"jer,",True,2,,49,,178,",",3,49,TBD,TBD
13,7946,2,87,ligesom,False,0,,NA,,NA,NA,NA,NA,NA,NA
13,7946,2,88,det,True,1,,397,,397,t,2,397,397,397
13,7946,2,89,siger,False,0,,NA,,NA,NA,NA,NA,NA,NA
13,7946,2,90,mig,False,0,,NA,,NA,NA,NA,NA,NA,NA
13,7946,2,91,noget.,False,0,,NA,,NA,NA,NA,NA,NA,NA
14,7946,3,1,At,False,0,,NA,,NA,NA,NA,NA,NA,NA
14,7946,3,2,stå,True,2,,130,,271,å,2,130,TBD,TBD
14,7946,3,3,her,True,1,,152,,152,h,0,152,TBD,TBD
14,7946,3,4,i,False,0,,NA,,NA,NA,NA,NA,NA,NA
14,7946,3,5,midsommernatten.,True,2,,70,,234,s,3,70,TBD,TBD
14,7946,3,6,Og,False,0,,NA,,NA,NA,NA,NA,NA,NA
14,7946,3,7,være,True,1,,336,,336,e,3,336,336,336
14,7946,3,8,fælles.,True,1,,184,,184,l,3,184,184,184
14,7946,3,9,Om,False,0,,NA,,NA,NA,NA,NA,NA,NA
14,7946,3,10,lyset.,True,2,,254,,405,e,3,254,TBD,TBD
14,7946,3,11,Om,False,0,,NA,,NA,NA,NA,NA,NA,NA
14,7946,3,12,varmen.,True,1,,293,,293,m,3,293,293,293
14,7946,3,13,Om,False,0,,NA,,NA,NA,NA,NA,NA,NA
14,7946,3,14,sundet,True,1,,211,,211,e,4,211,211,211
14,7946,3,15,og,False,0,,NA,,NA,NA,NA,NA,NA,NA
14,7946,3,16,Kronborg.,True,2,,139,,258,o,5,139,TBD,TBD
14,7946,3,17,Om,True,1,,121,,121,m,1,121,121,121
14,7946,3,18,fællesskabet.,True,2,,239,,378,a,8,239,378,378
14,7946,3,19,Selv,True,1,,172,,172,v,3,172,TBD,TBD
14,7946,3,20,med,False,0,,NA,,NA,NA,NA,NA,NA,NA
14,7946,3,21,svenskerne,True,6,,145,,1046,s,0,145,TBD,TBD
14,7946,3,22,derovre,True,6,,260,,1197,d,0,549,TBD,TBD
14,7946,3,23,på,True,2,,288,,505,å,1,288,505,505
14,7946,3,24,den,True,1,,188,,188,d,0,188,188,188
14,7946,3,25,anden,False,0,,NA,,NA,NA,NA,NA,NA,NA
14,7946,3,26,side.,True,1,,94,,94,s,0,94,94,94
14,7946,3,27,Fælles,True,1,,141,,141,F,0,141,141,141
14,7946,3,28,om,True,1,,294,,294,m,1,294,294,294
14,7946,3,29,ilden.,True,1,,231,,231,n,4,231,231,231
14,7946,3,30,Om,False,0,,NA,,NA,NA,NA,NA,NA,NA
14,7946,3,31,jorden,True,1,,336,,336,n,5,336,336,336
14,7946,3,32,og,False,0,,NA,,NA,NA,NA,NA,NA,NA
14,7946,3,33,"havet,",True,1,,150,,150,t,4,150,150,150
14,7946,3,34,der,False,0,,NA,,NA,NA,NA,NA,NA,NA
14,7946,3,35,omgiver,True,1,,186,,186,e,5,186,186,186
14,7946,3,36,vores,False,0,,NA,,NA,NA,NA,NA,NA,NA
14,7946,3,37,lille,False,0,,NA,,NA,NA,NA,NA,NA,NA
14,7946,3,38,ø,True,1,,280,,280,ø,0,280,280,280
14,7946,3,39,Sjælland.,True,1,,123,,123,a,5,123,123,123
14,7946,3,40,Om,False,0,,NA,,NA,NA,NA,NA,NA,NA
14,7946,3,41,dyrene,True,2,,173,,270,d,0,173,TBD,TBD
14,7946,3,42,og,False,0,,NA,,NA,NA,NA,NA,NA,NA
14,7946,3,43,hinanden.,True,1,,170,,170,h,0,170,170,170
14,7946,3,44,Fælles,True,1,,257,,257,s,5,257,TBD,TBD
14,7946,3,45,om,True,1,,267,,267,o,0,267,267,267
14,7946,3,46,fred,True,1,,194,,194,d,3,194,TBD,TBD
14,7946,3,47,og,False,0,,NA,,NA,NA,NA,NA,NA,NA
14,7946,3,48,de,True,1,,163,,163,d,0,163,163,163
14,7946,3,49,elementer,True,4,,175,,652,t,6,175,TBD,TBD
14,7946,3,50,og,False,0,,NA,,NA,NA,NA,NA,NA,NA
14,7946,3,51,"mineraler,",True,1,,183,,183,e,3,183,TBD,TBD
14,7946,3,52,der,True,2,,119,,279,d,0,119,279,279
14,7946,3,53,forbinder,True,1,,167,,167,r,8,167,167,167
14,7946,3,54,os.,False,0,,NA,,NA,NA,NA,NA,NA,NA
14,7946,3,55,Om,False,0,,NA,,NA,NA,NA,NA,NA,NA
14,7946,3,56,"kvantepartiklerne,",True,3,,121,,391,a,7,121,TBD,TBD
14,7946,3,57,som,False,0,,NA,,NA,NA,NA,NA,NA,NA
14,7946,3,58,er,False,0,,NA,,NA,NA,NA,NA,NA,NA
14,7946,3,59,inden,True,1,,256,,256,d,2,256,256,256
14,7946,3,60,i,False,0,,NA,,NA,NA,NA,NA,NA,NA
14,7946,3,61,os,False,0,,NA,,NA,NA,NA,NA,NA,NA
14,7946,3,62,og,True,1,,200,,200,g,1,200,200,200
14,7946,3,63,millioner,True,2,,231,,353,r,8,231,TBD,TBD
14,7946,3,64,af,False,0,,NA,,NA,NA,NA,NA,NA,NA
14,7946,3,65,kilometer,True,1,,228,,228,r,8,228,228,228
14,7946,3,66,"væk,",False,0,,NA,,NA,NA,NA,NA,NA,NA
14,7946,3,67,og,False,0,,NA,,NA,NA,NA,NA,NA,NA
14,7946,3,68,dog,True,1,,304,,304,g,2,304,304,304
14,7946,3,69,er,False,0,,NA,,NA,NA,NA,NA,NA,NA
14,7946,3,70,forbundne.,True,1,,120,,120,n,7,120,120,120
14,7946,3,71,Om,False,0,,NA,,NA,NA,NA,NA,NA,NA
14,7946,3,72,"demokratiet,",True,2,,142,,319,t,7,142,TBD,TBD
14,7946,3,73,som,False,0,,NA,,NA,NA,NA,NA,NA,NA
14,7946,3,74,vi,False,0,,NA,,NA,NA,NA,NA,NA,NA
14,7946,3,75,netop,True,2,,220,,405,o,3,220,TBD,TBD
14,7946,3,76,igen,True,4,,146,,597,n,3,258,TBD,TBD
14,7946,3,77,for,True,1,,246,,246,r,2,246,246,246
14,7946,3,78,få,True,1,,204,,204,f,0,204,204,204
14,7946,3,79,uger,True,2,,154,,342,r,3,154,TBD,342
14,7946,3,80,siden,True,1,,150,,150,n,4,150,TBD,TBD
14,7946,3,81,har,False,0,,NA,,NA,NA,NA,NA,NA,NA
14,7946,3,82,"fejret,",True,2,,403,,556,e,1,403,TBD,556
14,7946,3,83,uanset,True,2,,81,,182,s,3,81,182,182
14,7946,3,84,om,False,0,,NA,,NA,NA,NA,NA,NA,NA
14,7946,3,85,vi,False,0,,NA,,NA,NA,NA,NA,NA,NA
14,7946,3,86,er,True,1,,151,,151,e,0,151,151,151
14,7946,3,87,tilfredse,True,1,,115,,115,f,3,115,TBD,TBD
14,7946,3,88,med,True,1,,126,,126,m,0,126,TBD,126
14,7946,3,89,udfaldet,False,0,,NA,,NA,NA,NA,NA,NA,NA
14,7946,3,90,eller,True,1,,346,,346,e,0,346,346,346
14,7946,3,91,ej.,False,0,,NA,,NA,NA,NA,NA,NA,NA
14,7946,3,92,Fælles,True,1,,166,,166,s,5,166,166,166
14,7946,3,93,om,True,1,,364,,364,o,0,364,TBD,TBD
14,7946,3,94,vor,True,1,,177,,177,o,1,177,177,177
14,7946,3,95,historie.,True,5,,182,,1029,o,4,182,TBD,TBD
14,7946,3,96,Som,False,0,,NA,,NA,NA,NA,NA,NA,NA
14,7946,3,97,vore,True,1,,220,,220,r,2,220,TBD,TBD
14,7946,3,98,forfædre,True,2,,154,,332,f,0,154,TBD,332
14,7946,3,99,har,False,0,,NA,,NA,NA,NA,NA,NA,NA
14,7946,3,100,bygget,True,1,,175,,175,t,5,175,175,175
14,7946,3,101,til,False,0,,NA,,NA,NA,NA,NA,NA,NA
14,7946,3,102,os.,False,0,,NA,,NA,NA,NA,NA,NA,NA
14,7946,3,103,I,False,0,,NA,,NA,NA,NA,NA,NA,NA
14,7946,3,104,form,True,1,,153,,153,o,1,153,153,153
14,7946,3,105,af,False,0,,NA,,NA,NA,NA,NA,NA,NA
14,7946,3,106,murstene,True,1,,280,,280,e,5,280,280,280
14,7946,3,107,som,True,1,,73,,73,s,0,73,TBD,TBD
14,7946,3,108,slottet,True,1,,213,,213,t,4,213,213,213
14,7946,3,109,bagved,True,2,,167,,317,b,0,167,TBD,TBD
14,7946,3,110,mig.,True,1,,111,,111,g,2,111,111,111
14,7946,3,111,Hvor,True,1,,174,,174,r,3,174,TBD,TBD
14,7946,3,112,en,False,0,,NA,,NA,NA,NA,NA,NA,NA
14,7946,3,113,konge,True,1,,144,,144,g,3,144,TBD,144
14,7946,3,114,ved,False,0,,NA,,NA,NA,NA,NA,NA,NA
14,7946,3,115,navn,True,1,,202,,202,v,2,202,TBD,TBD
14,7946,3,116,Christian,True,2,,177,,405,r,2,177,TBD,405
14,7946,3,117,holdt,True,1,,118,,118,o,1,118,TBD,TBD
14,7946,3,118,sin,True,2,,147,,334,i,1,147,TBD,TBD
14,7946,3,119,kroningsfest.,True,5,,93,,950,k,0,93,TBD,TBD
14,7946,3,120,Spørgsmål:,False,0,,NA,,NA,NA,NA,NA,NA,NA
14,7946,3,121,Bliver,False,0,,NA,,NA,NA,NA,NA,NA,NA
14,7946,3,122,denne,False,0,,NA,,NA,NA,NA,NA,NA,NA
14,7946,3,123,tale,False,0,,NA,,NA,NA,NA,NA,NA,NA
14,7946,3,124,holdt,False,0,,NA,,NA,NA,NA,NA,NA,NA
14,7946,3,125,på,False,0,,NA,,NA,NA,NA,NA,NA,NA
14,7946,3,126,Frederiksborg,False,0,,NA,,NA,NA,NA,NA,NA,NA
14,7946,3,127,Slot?,False,0,,NA,,NA,NA,NA,NA,NA,NA
15,7946,4,1,Og,False,0,,NA,,NA,NA,NA,NA,NA,NA
15,7946,4,2,en,True,1,,147,,147,e,0,147,147,147
15,7946,4,3,flok,False,0,,NA,,NA,NA,NA,NA,NA,NA
15,7946,4,4,engelske,True,3,,204,,721,l,4,425,TBD,TBD
15,7946,4,5,skuespillere,True,1,,162,,162,k,1,162,162,162
15,7946,4,6,optrådte,True,1,,333,,333,å,4,333,333,333
15,7946,4,7,og,False,0,,NA,,NA,NA,NA,NA,NA,NA
15,7946,4,8,fortalte,True,4,,184,,710,t,3,345,TBD,TBD
15,7946,4,9,om,True,3,,236,,612,o,0,236,TBD,TBD
15,7946,4,10,"derhjemme,",True,1,,87,,87,m,7,87,87,87
15,7946,4,11,som,False,0,,NA,,NA,NA,NA,NA,NA,NA
15,7946,4,12,blandet,True,5,,338,,1127,d,4,507,TBD,TBD
15,7946,4,13,med,True,1,,164,,164,m,0,164,TBD,TBD
15,7946,4,14,Saxos,True,2,,162,,381,a,1,381,381,381
15,7946,4,15,fortællinger,True,2,,203,,394,æ,4,203,394,394
15,7946,4,16,om,True,1,,178,,178,m,1,178,TBD,TBD
15,7946,4,17,en,False,0,,NA,,NA,NA,NA,NA,NA,NA
15,7946,4,18,dansk,True,2,,25,,229,a,1,25,TBD,TBD
15,7946,4,19,"prins,",True,2,,292,,386,r,1,386,386,386
15,7946,4,20,et,True,1,,153,,153,t,1,153,TBD,TBD
15,7946,4,21,engelsk,True,2,,300,,499,e,3,300,499,499
15,7946,4,22,hævndrama,True,2,,191,,549,a,6,191,549,549
15,7946,4,23,om,False,0,,NA,,NA,NA,NA,NA,NA,NA
15,7946,4,24,en,False,0,,NA,,NA,NA,NA,NA,NA,NA
15,7946,4,25,spansk,True,2,,84,,314,k,5,84,TBD,TBD
15,7946,4,26,"tragedie,",True,2,,124,,340,t,0,340,340,340
15,7946,4,27,og,False,0,,NA,,NA,NA,NA,NA,NA,NA
15,7946,4,28,en,False,0,,NA,,NA,NA,NA,NA,NA,NA
15,7946,4,29,vis,True,1,,245,,245,v,0,245,245,245
15,7946,4,30,forfatters,True,2,,250,,478,o,1,250,478,478
15,7946,4,31,søns,True,1,,175,,175,n,2,175,TBD,TBD
15,7946,4,32,og,False,0,,NA,,NA,NA,NA,NA,NA,NA
15,7946,4,33,faders,True,1,,162,,162,e,3,162,162,162
15,7946,4,34,død,False,0,,NA,,NA,NA,NA,NA,NA,NA
15,7946,4,35,blev,True,1,,205,,205,b,0,205,205,205
15,7946,4,36,til,True,2,,175,,347,i,1,347,TBD,TBD
15,7946,4,37,en,True,1,,137,,137,n,1,137,TBD,TBD
15,7946,4,38,af,True,1,,111,,111,a,0,111,111,111
15,7946,4,39,de,False,0,,NA,,NA,NA,NA,NA,NA,NA
15,7946,4,40,største,True,2,,225,,350,ø,2,225,350,350
15,7946,4,41,fortællinger,False,0,,NA,,NA,NA,NA,NA,NA,NA
15,7946,4,42,om,False,0,,NA,,NA,NA,NA,NA,NA,NA
15,7946,4,43,os,True,1,,117,,117,s,1,117,TBD,TBD
15,7946,4,44,"nogensinde,",True,1,,197,,197,g,2,197,197,197
15,7946,4,45,ikke,False,0,,NA,,NA,NA,NA,NA,NA,NA
15,7946,4,46,bare,True,1,,232,,232,b,0,232,232,232
15,7946,4,47,som,True,2,,166,,388,m,2,388,TBD,TBD
15,7946,4,48,"danskere,",True,4,,233,,683,k,4,349,TBD,TBD
15,7946,4,49,men,False,0,,NA,,NA,NA,NA,NA,NA,NA
15,7946,4,50,som,True,1,,202,,202,s,0,202,TBD,TBD
15,7946,4,51,"mennesker,",True,2,,108,,244,k,6,108,244,244
15,7946,4,52,om,False,0,,NA,,NA,NA,NA,NA,NA,NA
15,7946,4,53,hvad,True,1,,411,,411,v,1,411,TBD,TBD
15,7946,4,54,det,True,1,,196,,196,e,1,196,196,196
15,7946,4,55,er,False,0,,NA,,NA,NA,NA,NA,NA,NA
15,7946,4,56,at,True,1,,241,,241,t,1,241,241,241
15,7946,4,57,være,True,1,,142,,142,e,3,142,142,142
15,7946,4,58,"menneske,",True,1,,94,,94,n,2,94,94,94
15,7946,4,59,på,False,0,,NA,,NA,NA,NA,NA,NA,NA
15,7946,4,60,trods,True,1,,89,,89,s,4,89,89,89
15,7946,4,61,af,False,0,,NA,,NA,NA,NA,NA,NA,NA
15,7946,4,62,at,True,1,,117,,117,a,0,117,117,117
15,7946,4,63,forfatteren,True,1,,204,,204,r,8,204,204,204
15,7946,4,64,efter,False,0,,NA,,NA,NA,NA,NA,NA,NA
15,7946,4,65,sigende,True,3,,230,,602,n,4,230,TBD,TBD
15,7946,4,66,aldrig,True,2,,244,,356,g,5,244,TBD,TBD
15,7946,4,67,selv,False,0,,NA,,NA,NA,NA,NA,NA,NA
15,7946,4,68,befandt,True,2,,360,,548,b,0,360,548,548
15,7946,4,69,sig,False,0,,NA,,NA,NA,NA,NA,NA,NA
15,7946,4,70,på,True,1,,165,,165,å,1,165,TBD,TBD
15,7946,4,71,denne,True,1,,189,,189,e,4,189,189,189
15,7946,4,72,kyst.,False,0,,NA,,NA,NA,NA,NA,NA,NA
15,7946,4,73,Fælles,True,2,,285,,447,e,4,447,TBD,TBD
15,7946,4,74,er,False,0,,NA,,NA,NA,NA,NA,NA,NA
15,7946,4,75,vi,True,1,,163,,163,v,0,163,163,163
15,7946,4,76,også,True,1,,86,,86,s,2,86,TBD,TBD
15,7946,4,77,om,True,2,,152,,252,m,1,152,TBD,252
15,7946,4,78,de,False,0,,NA,,NA,NA,NA,NA,NA,NA
15,7946,4,79,"fortællinger,",True,4,,159,,690,f,0,286,TBD,TBD
15,7946,4,80,der,False,0,,NA,,NA,NA,NA,NA,NA,NA
15,7946,4,81,har,False,0,,NA,,NA,NA,NA,NA,NA,NA
15,7946,4,82,skabt,True,1,,250,,250,b,3,250,250,250
15,7946,4,83,denne,False,0,,NA,,NA,NA,NA,NA,NA,NA
15,7946,4,84,aften.,False,0,,NA,,NA,NA,NA,NA,NA,NA
15,7946,4,85,Om,True,1,,178,,178,m,1,178,178,178
15,7946,4,86,"Lysfester,",True,2,,156,,400,e,7,156,TBD,TBD
15,7946,4,87,der,False,0,,NA,,NA,NA,NA,NA,NA,NA
15,7946,4,88,skulle,False,0,,NA,,NA,NA,NA,NA,NA,NA
15,7946,4,89,holde,True,1,,247,,247,o,1,247,247,247
15,7946,4,90,ondskaben,True,2,,262,,324,e,7,262,TBD,TBD
15,7946,4,91,ude.,False,0,,NA,,NA,NA,NA,NA,NA,NA
15,7946,4,92,Om,False,0,,NA,,NA,NA,NA,NA,NA,NA
15,7946,4,93,trolde,True,2,,434,,583,o,2,434,TBD,TBD
15,7946,4,94,og,False,0,,NA,,NA,NA,NA,NA,NA,NA
15,7946,4,95,"hekse,",True,4,,212,,856,e,1,212,TBD,TBD
15,7946,4,96,dæmoner.,True,3,,173,,327,n,4,173,TBD,327
16,7946,5,1,"Solhversfesten,",True,2,,68,,322,e,9,68,TBD,TBD
16,7946,5,2,der,False,0,,NA,,NA,NA,NA,NA,NA,NA
16,7946,5,3,overtog,True,2,,137,,283,r,3,137,TBD,TBD
16,7946,5,4,Valborgsnatten.,True,2,,170,,306,r,5,170,TBD,TBD
16,7946,5,5,Hvor,False,0,,NA,,NA,NA,NA,NA,NA,NA
16,7946,5,6,mænd,True,1,,188,,188,n,2,188,188,188
16,7946,5,7,og,False,0,,NA,,NA,NA,NA,NA,NA,NA
16,7946,5,8,kvinder,True,1,,221,,221,r,6,221,221,221
16,7946,5,9,drak,False,0,,NA,,NA,NA,NA,NA,NA,NA
16,7946,5,10,snaps,True,1,,176,,176,n,1,176,176,176
16,7946,5,11,til,False,0,,NA,,NA,NA,NA,NA,NA,NA
16,7946,5,12,de,False,0,,NA,,NA,NA,NA,NA,NA,NA
16,7946,5,13,segnede.,True,1,,258,,258,g,2,258,258,258
16,7946,5,14,Og,False,0,,NA,,NA,NA,NA,NA,NA,NA
16,7946,5,15,de,True,1,,133,,133,d,0,133,133,133
16,7946,5,16,unger,True,2,,139,,329,e,3,329,TBD,TBD
16,7946,5,17,piger,True,2,,139,,273,r,4,139,TBD,TBD
16,7946,5,18,skulle,True,1,,98,,98,l,3,98,TBD,TBD
16,7946,5,19,vogte,True,3,,241,,771,g,2,241,771,771
16,7946,5,20,sig,True,1,,326,,326,g,2,326,TBD,TBD
16,7946,5,21,for,False,0,,NA,,NA,NA,NA,NA,NA,NA
16,7946,5,22,Sankthansormen.,True,4,,105,,475,k,3,105,475,475
16,7946,5,23,For,True,1,,189,,189,r,2,189,TBD,TBD
16,7946,5,24,den,False,0,,NA,,NA,NA,NA,NA,NA,NA
16,7946,5,25,kunne,True,2,,266,,436,k,0,266,436,436
16,7946,5,26,man,False,0,,NA,,NA,NA,NA,NA,NA,NA
16,7946,5,27,nemlig,True,3,,215,,682,n,0,215,TBD,TBD
16,7946,5,28,blive,False,0,,NA,,NA,NA,NA,NA,NA,NA
16,7946,5,29,gravid,True,2,,217,,302,g,0,217,302,302
16,7946,5,30,af.,False,0,,NA,,NA,NA,NA,NA,NA,NA
16,7946,5,31,Fælles,True,2,,142,,358,F,0,142,358,358
16,7946,5,32,er,True,2,,203,,317,e,0,203,317,317
16,7946,5,33,vi,False,0,,NA,,NA,NA,NA,NA,NA,NA
16,7946,5,34,også,True,1,,306,,306,o,0,306,TBD,TBD
16,7946,5,35,om,True,2,,119,,471,m,1,119,471,471
16,7946,5,36,den,False,0,,NA,,NA,NA,NA,NA,NA,NA
16,7946,5,37,rensende,True,1,,226,,226,e,4,226,226,226
16,7946,5,38,"ild,",True,1,,156,,156,l,1,156,156,156
16,7946,5,39,det,False,0,,NA,,NA,NA,NA,NA,NA,NA
16,7946,5,40,rensende,True,2,,235,,410,d,6,235,TBD,TBD
16,7946,5,41,"bål,",False,0,,NA,,NA,NA,NA,NA,NA,NA
16,7946,5,42,som,False,0,,NA,,NA,NA,NA,NA,NA,NA
16,7946,5,43,ifølge,True,2,,336,,558,l,3,558,TBD,TBD
16,7946,5,44,gammel,True,1,,261,,261,e,4,261,261,261
16,7946,5,45,skik,True,2,,81,,248,s,0,248,TBD,TBD
16,7946,5,46,optager,True,2,,258,,521,p,1,258,521,521
16,7946,5,47,alle,True,1,,159,,159,e,3,159,TBD,TBD
16,7946,5,48,vore,True,1,,183,,183,e,3,183,183,183
16,7946,5,49,indre,True,1,,175,,175,d,2,175,175,175
16,7946,5,50,"hekse,",True,1,,162,,162,s,3,162,162,162
16,7946,5,51,dæmoner,True,1,,243,,243,o,3,243,TBD,TBD
16,7946,5,52,og,True,1,,140,,140,g,1,140,140,140
16,7946,5,53,trolde.,True,1,,42,,42,.,6,42,TBD,TBD
16,7946,5,54,Og,False,0,,NA,,NA,NA,NA,NA,NA,NA
16,7946,5,55,som,False,0,,NA,,NA,NA,NA,NA,NA,NA
16,7946,5,56,ved,True,1,,269,,269,e,1,269,269,269
16,7946,5,57,at,True,1,,187,,187,a,0,187,TBD,TBD
16,7946,5,58,dvæle,True,1,,205,,205,l,3,205,205,205
16,7946,5,59,blikket,True,2,,192,,454,k,4,454,TBD,TBD
16,7946,5,60,mildt,True,2,,254,,426,d,3,254,426,426
16,7946,5,61,og,False,0,,NA,,NA,NA,NA,NA,NA,NA
16,7946,5,62,uden,False,0,,NA,,NA,NA,NA,NA,NA,NA
16,7946,5,63,at,True,1,,104,,104,a,0,104,104,104
16,7946,5,64,"fokusere,",True,1,,154,,154,o,1,154,154,154
16,7946,5,65,stimulerer,True,1,,314,,314,e,6,314,314,314
16,7946,5,66,melatoninen,True,3,,269,,520,n,6,269,TBD,TBD
16,7946,5,67,inde,False,0,,NA,,NA,NA,NA,NA,NA,NA
16,7946,5,68,i,True,1,,304,,304,i,0,304,304,304
16,7946,5,69,vore,False,0,,NA,,NA,NA,NA,NA,NA,NA
16,7946,5,70,hjerner.,False,0,,NA,,NA,NA,NA,NA,NA,NA
16,7946,5,71,Gør,False,0,,NA,,NA,NA,NA,NA,NA,NA
16,7946,5,72,os,True,1,,213,,213,o,0,213,TBD,TBD
16,7946,5,73,"rolige,",True,1,,195,,195,r,0,195,195,195
16,7946,5,74,"afslappede,",True,2,,207,,419,f,1,207,419,419
16,7946,5,75,fredfyldte.,True,3,,1,,620,l,6,152,TBD,620
17,7946,6,1,Fælles,True,1,,183,,183,e,4,183,TBD,TBD
17,7946,6,2,er,True,1,,64,,64,e,0,64,TBD,TBD
17,7946,6,3,vi,False,0,,NA,,NA,NA,NA,NA,NA,NA
17,7946,6,4,i,True,1,,227,,227,i,0,227,TBD,TBD
17,7946,6,5,fortællingen.,True,1,,170,,170,r,2,170,170,170
17,7946,6,6,Om,False,0,,NA,,NA,NA,NA,NA,NA,NA
17,7946,6,7,en,True,1,,183,,183,n,1,183,TBD,TBD
17,7946,6,8,mand,True,1,,305,,305,m,0,305,305,305
17,7946,6,9,3426,True,2,,170,,343,6,3,170,TBD,TBD
17,7946,6,10,km,True,1,,217,,217,k,0,217,217,217
17,7946,6,11,"herfra,",True,1,,210,,210,a,5,210,210,210
17,7946,6,12,som,False,0,,NA,,NA,NA,NA,NA,NA,NA
17,7946,6,13,ifølge,True,1,,87,,87,ø,2,87,87,87
17,7946,6,14,en,True,1,,223,,223,e,0,223,223,223
17,7946,6,15,læge,True,1,,158,,158,e,3,158,TBD,TBD
17,7946,6,16,ved,False,0,,NA,,NA,NA,NA,NA,NA,NA
17,7946,6,17,navn,True,1,,198,,198,n,0,198,198,198
17,7946,6,18,"Lukas,",True,2,,210,,345,L,0,210,345,345
17,7946,6,19,fødtes,True,1,,181,,181,t,3,181,181,181
17,7946,6,20,på,False,0,,NA,,NA,NA,NA,NA,NA,NA
17,7946,6,21,denne,True,1,,259,,259,n,3,259,TBD,TBD
17,7946,6,22,dag.,True,4,,129,,750,.,3,256,TBD,TBD
17,7946,6,23,6,True,1,,279,,279,6,0,279,TBD,TBD
17,7946,6,24,måneder,True,7,,63,,1311,n,2,63,TBD,TBD
17,7946,6,25,før,True,2,,130,,323,ø,1,130,TBD,TBD
17,7946,6,26,sin,True,2,,122,,230,n,2,122,TBD,TBD
17,7946,6,27,"fætter,",True,3,,68,,455,",",6,455,TBD,TBD
17,7946,6,28,hvis,True,2,,210,,343,s,3,210,TBD,TBD
17,7946,6,29,ankomst,True,5,,315,,1037,n,1,315,TBD,TBD
17,7946,6,30,han,True,2,,175,,348,n,2,175,348,348
17,7946,6,31,skulle,True,1,,250,,250,l,3,250,250,250
17,7946,6,32,forkynde.,True,1,,336,,336,d,6,336,336,336
17,7946,6,33,Manden,True,2,,255,,373,n,5,255,TBD,TBD
17,7946,6,34,ved,False,0,,NA,,NA,NA,NA,NA,NA,NA
17,7946,6,35,navn,True,1,,99,,99,a,1,99,TBD,TBD
17,7946,6,36,Johannes,True,1,,152,,152,J,0,152,TBD,152
17,7946,6,37,råbte,True,1,,225,,225,b,2,225,TBD,TBD
17,7946,6,38,i,False,0,,NA,,NA,NA,NA,NA,NA,NA
17,7946,6,39,ørkenen,True,2,,140,,203,ø,0,140,TBD,203
17,7946,6,40,om,False,0,,NA,,NA,NA,NA,NA,NA,NA
17,7946,6,41,"det,",True,1,,120,,120,e,1,120,120,120
17,7946,6,42,der,False,0,,NA,,NA,NA,NA,NA,NA,NA
17,7946,6,43,vil,True,1,,199,,199,l,2,199,TBD,TBD
17,7946,6,44,"ske,",True,2,,192,,250,",",3,192,TBD,250
17,7946,6,45,de,False,0,,NA,,NA,NA,NA,NA,NA,NA
17,7946,6,46,"muligheder,",True,2,,271,,419,i,3,271,TBD,TBD
17,7946,6,47,der,False,0,,NA,,NA,NA,NA,NA,NA,NA
17,7946,6,48,vil,True,1,,223,,223,l,2,223,223,223
17,7946,6,49,komme.,False,0,,NA,,NA,NA,NA,NA,NA,NA
17,7946,6,50,Efter,False,0,,NA,,NA,NA,NA,NA,NA,NA
17,7946,6,51,ham,True,2,,214,,398,a,1,214,TBD,TBD
17,7946,6,52,opkaldtes,True,2,,220,,363,t,6,220,363,363
17,7946,6,53,denne,True,1,,111,,111,e,4,111,TBD,111
17,7946,6,54,dag,True,1,,134,,134,d,0,134,134,134
17,7946,6,55,nogle,False,0,,NA,,NA,NA,NA,NA,NA,NA
17,7946,6,56,århundreder,True,1,,190,,190,r,1,190,190,190
17,7946,6,57,senere:,True,1,,168,,168,:,6,168,168,168
17,7946,6,58,Johannes,False,0,,NA,,NA,NA,NA,NA,NA,NA
17,7946,6,59,"dag,",True,2,,56,,274,g,2,56,TBD,TBD
17,7946,6,60,Johannes,True,2,,271,,432,s,7,271,TBD,TBD
17,7946,6,61,den,False,0,,NA,,NA,NA,NA,NA,NA,NA
17,7946,6,62,"hellige,",True,2,,106,,222,i,4,106,222,222
17,7946,6,63,sanctus,True,2,,209,,384,s,6,209,TBD,TBD
17,7946,6,64,"Johannes,",False,0,,NA,,NA,NA,NA,NA,NA,NA
17,7946,6,65,eller,True,1,,180,,180,r,4,180,180,180
17,7946,6,66,på,False,0,,NA,,NA,NA,NA,NA,NA,NA
17,7946,6,67,DANSK:,True,1,,216,,216,S,3,216,216,216
17,7946,6,68,Sankt,True,1,,259,,259,n,2,259,TBD,TBD
17,7946,6,69,Hans.,True,1,,122,,122,n,2,122,TBD,122
17,7946,6,70,Fælles,True,3,,153,,470,e,4,153,TBD,TBD
17,7946,6,71,er,False,0,,NA,,NA,NA,NA,NA,NA,NA
17,7946,6,72,vi,False,0,,NA,,NA,NA,NA,NA,NA,NA
17,7946,6,73,om,False,0,,NA,,NA,NA,NA,NA,NA,NA
17,7946,6,74,denne,True,2,,136,,366,e,1,136,TBD,366
17,7946,6,75,historie.,False,0,,NA,,NA,NA,NA,NA,NA,NA
17,7946,6,76,Om,False,0,,NA,,NA,NA,NA,NA,NA,NA
17,7946,6,77,vi,True,1,,209,,209,i,1,209,TBD,TBD
17,7946,6,78,tror,True,1,,272,,272,o,2,272,TBD,272
17,7946,6,79,på,False,0,,NA,,NA,NA,NA,NA,NA,NA
17,7946,6,80,den,True,1,,85,,85,e,1,85,85,85
17,7946,6,81,eller,False,0,,NA,,NA,NA,NA,NA,NA,NA
17,7946,6,82,ej.,False,0,,NA,,NA,NA,NA,NA,NA,NA
17,7946,6,83,Myterne,True,1,,171,,171,e,3,171,171,171
17,7946,6,84,flyder,False,0,,NA,,NA,NA,NA,NA,NA,NA
17,7946,6,85,sammen,True,3,,156,,533,s,0,156,TBD,TBD
17,7946,6,86,med,False,0,,NA,,NA,NA,NA,NA,NA,NA
17,7946,6,87,religioner,True,2,,139,,225,r,9,139,TBD,TBD
17,7946,6,88,og,False,0,,NA,,NA,NA,NA,NA,NA,NA
17,7946,6,89,folkefortællinger.,False,0,,NA,,NA,NA,NA,NA,NA,NA
17,7946,6,90,Og,False,0,,NA,,NA,NA,NA,NA,NA,NA
17,7946,6,91,selvom,True,1,,211,,211,o,4,211,211,211
17,7946,6,92,få,False,0,,NA,,NA,NA,NA,NA,NA,NA
17,7946,6,93,tror,True,1,,157,,157,r,1,157,TBD,TBD
17,7946,6,94,på,True,1,,144,,144,å,1,144,TBD,144
17,7946,6,95,dem,False,0,,NA,,NA,NA,NA,NA,NA,NA
17,7946,6,96,i,False,0,,NA,,NA,NA,NA,NA,NA,NA
17,7946,6,97,bogstavelig,True,1,,237,,237,v,6,237,237,237
17,7946,6,98,"forstand,",False,0,,NA,,NA,NA,NA,NA,NA,NA
17,7946,6,99,hvad,False,0,,NA,,NA,NA,NA,NA,NA,NA
17,7946,6,100,enten,True,2,,160,,261,t,2,160,TBD,TBD
17,7946,6,101,det,True,1,,83,,83,d,0,83,83,83
17,7946,6,102,gælder,True,1,,174,,174,e,4,174,TBD,TBD
17,7946,6,103,hyldemor,True,2,,163,,310,r,7,163,TBD,TBD
17,7946,6,104,eller,False,0,,NA,,NA,NA,NA,NA,NA,NA
17,7946,6,105,"jomfrufødsler,",True,1,,242,,242,ø,7,242,TBD,242
17,7946,6,106,hekse,True,1,,166,,166,e,4,166,TBD,TBD
17,7946,6,107,eller,True,2,,172,,338,e,0,172,TBD,338
17,7946,6,108,huldrer.,True,1,,153,,153,e,5,153,153,153
17,7946,6,109,Så,False,0,,NA,,NA,NA,NA,NA,NA,NA
17,7946,6,110,tror,True,1,,151,,151,o,2,151,TBD,TBD
17,7946,6,111,vi,False,0,,NA,,NA,NA,NA,NA,NA,NA
17,7946,6,112,på,True,1,,172,,172,p,0,172,TBD,172
17,7946,6,113,"det,",False,0,,NA,,NA,NA,NA,NA,NA,NA
17,7946,6,114,der,False,0,,NA,,NA,NA,NA,NA,NA,NA
17,7946,6,115,ligger,True,1,,236,,236,i,1,236,236,236
17,7946,6,116,bag,False,0,,NA,,NA,NA,NA,NA,NA,NA
17,7946,6,117,ordene.,True,1,,341,,341,r,1,341,341,341
17,7946,6,118,Spørgsmål:,False,0,,NA,,NA,NA,NA,NA,NA,NA
17,7946,6,119,Er,False,0,,NA,,NA,NA,NA,NA,NA,NA
17,7946,6,120,'Johannes,False,0,,NA,,NA,NA,NA,NA,NA,NA
17,7946,6,121,den,False,0,,NA,,NA,NA,NA,NA,NA,NA
17,7946,6,122,hellige',False,0,,NA,,NA,NA,NA,NA,NA,NA
17,7946,6,123,et,False,0,,NA,,NA,NA,NA,NA,NA,NA
17,7946,6,124,andet,False,0,,NA,,NA,NA,NA,NA,NA,NA
17,7946,6,125,navn,False,0,,NA,,NA,NA,NA,NA,NA,NA
17,7946,6,126,for,False,0,,NA,,NA,NA,NA,NA,NA,NA
17,7946,6,127,'Sankt,False,0,,NA,,NA,NA,NA,NA,NA,NA
17,7946,6,128,Hans'?,False,0,,NA,,NA,NA,NA,NA,NA,NA
18,7946,7,1,Et,True,1,,195,,195,t,1,195,TBD,TBD
18,7946,7,2,ordsprog,True,4,,318,,941,d,2,318,TBD,TBD
18,7946,7,3,"siger,",True,2,,185,,697,e,3,697,697,697
18,7946,7,4,at,True,1,,110,,110,a,0,110,TBD,TBD
18,7946,7,5,vi,False,0,,NA,,NA,NA,NA,NA,NA,NA
18,7946,7,6,ikke,False,0,,NA,,NA,NA,NA,NA,NA,NA
18,7946,7,7,fortæller,True,3,,85,,415,f,0,85,TBD,TBD
18,7946,7,8,børn,True,1,,122,,122,b,0,122,TBD,TBD
18,7946,7,9,historier,True,3,,159,,512,h,0,328,TBD,TBD
18,7946,7,10,om,False,0,,NA,,NA,NA,NA,NA,NA,NA
18,7946,7,11,drager,True,2,,206,,366,r,1,206,TBD,TBD
18,7946,7,12,"for,",True,1,,172,,172,",",3,172,172,172
18,7946,7,13,at,False,0,,NA,,NA,NA,NA,NA,NA,NA
18,7946,7,14,de,True,2,,200,,370,e,1,370,TBD,TBD
18,7946,7,15,skal,False,0,,NA,,NA,NA,NA,NA,NA,NA
18,7946,7,16,tro,True,1,,158,,158,t,0,158,158,158
18,7946,7,17,på,True,2,,149,,327,å,1,327,327,327
18,7946,7,18,"dem,",False,0,,NA,,NA,NA,NA,NA,NA,NA
18,7946,7,19,men,False,0,,NA,,NA,NA,NA,NA,NA,NA
18,7946,7,20,for,True,1,,162,,162,f,0,162,162,162
18,7946,7,21,at,False,0,,NA,,NA,NA,NA,NA,NA,NA
18,7946,7,22,de,False,0,,NA,,NA,NA,NA,NA,NA,NA
18,7946,7,23,skal,True,1,,226,,226,s,0,226,226,226
18,7946,7,24,lære,True,1,,170,,170,e,3,170,TBD,TBD
18,7946,7,25,at,False,0,,NA,,NA,NA,NA,NA,NA,NA
18,7946,7,26,slå,True,1,,154,,154,l,1,154,154,154
18,7946,7,27,dem,True,1,,118,,118,d,0,118,118,118
18,7946,7,28,ihjel.,True,1,,150,,150,h,1,150,150,150
18,7946,7,29,Eller,True,1,,123,,123,e,3,123,TBD,TBD
18,7946,7,30,tæmme,True,1,,353,,353,æ,1,353,353,353
18,7946,7,31,dem.,False,0,,NA,,NA,NA,NA,NA,NA,NA
18,7946,7,32,Det,False,0,,NA,,NA,NA,NA,NA,NA,NA
18,7946,7,33,samme,True,1,,265,,265,m,3,265,265,265
18,7946,7,34,gælder,True,1,,252,,252,r,5,252,252,252
18,7946,7,35,ord.,True,1,,252,,252,.,3,252,252,252
18,7946,7,36,Og,False,0,,NA,,NA,NA,NA,NA,NA,NA
18,7946,7,37,fortællinger.,True,4,,244,,693,l,6,244,TBD,TBD
18,7946,7,38,Da,True,1,,152,,152,a,1,152,152,152
18,7946,7,39,Johannes',True,1,,193,,193,n,4,193,TBD,TBD
18,7946,7,40,fætter,True,1,,115,,115,t,2,115,115,115
18,7946,7,41,endelig,True,1,,246,,246,l,4,246,246,246
18,7946,7,42,trådte,True,2,,261,,417,å,2,261,TBD,TBD
18,7946,7,43,frem,True,1,,181,,181,m,3,181,TBD,TBD
18,7946,7,44,der,True,1,,245,,245,r,2,245,245,245
18,7946,7,45,ved,False,0,,NA,,NA,NA,NA,NA,NA,NA
18,7946,7,46,floden,True,1,,110,,110,l,1,110,110,110
18,7946,7,47,og,False,0,,NA,,NA,NA,NA,NA,NA,NA
18,7946,7,48,lod,False,0,,NA,,NA,NA,NA,NA,NA,NA
18,7946,7,49,sig,True,1,,228,,228,s,0,228,228,228
18,7946,7,50,døbe,True,1,,222,,222,e,3,222,222,222
18,7946,7,51,svævede,True,1,,314,,314,e,6,314,314,314
18,7946,7,52,en,True,1,,218,,218,n,1,218,TBD,TBD
18,7946,7,53,due,True,1,,259,,259,e,2,259,259,259
18,7946,7,54,over,True,1,,169,,169,r,3,169,169,169
18,7946,7,55,"ham,",True,2,,166,,363,",",3,166,TBD,TBD
18,7946,7,56,fint,True,2,,141,,327,t,3,327,327,327
18,7946,7,57,symboliserende,True,5,,119,,953,e,10,305,TBD,TBD
18,7946,7,58,ånde.,True,4,,189,,587,e,3,386,TBD,TBD
18,7946,7,59,Og,True,1,,151,,151,O,0,151,151,151
18,7946,7,60,det,True,2,,198,,227,d,0,227,227,227
18,7946,7,61,er,True,1,,151,,151,e,0,151,TBD,TBD
18,7946,7,62,måske,True,4,,139,,600,e,4,139,600,600
18,7946,7,63,netop,True,1,,373,,373,o,3,373,373,373
18,7946,7,64,"ånd,",True,2,,308,,556,n,1,308,TBD,TBD
18,7946,7,65,der,True,1,,155,,155,d,0,155,155,155
18,7946,7,66,skaber,True,4,,364,,1104,e,4,652,TBD,TBD
18,7946,7,67,fællesskabet.,True,3,,220,,572,æ,1,220,572,572
18,7946,7,68,Forbindelsen,True,2,,280,,447,e,7,280,TBD,TBD
18,7946,7,69,mellem,False,0,,NA,,NA,NA,NA,NA,NA,NA
18,7946,7,70,os.,True,1,,186,,186,o,0,186,186,186
18,7946,7,71,"Den,",True,1,,220,,220,",",3,220,TBD,TBD
18,7946,7,72,der,False,0,,NA,,NA,NA,NA,NA,NA,NA
18,7946,7,73,ligger,True,1,,117,,117,g,2,117,117,117
18,7946,7,74,bag,True,1,,104,,104,b,0,104,104,104
18,7946,7,75,"ordene,",True,1,,90,,90,o,0,90,90,90
18,7946,7,76,"traditionerne,",True,2,,138,,370,t,0,138,370,370
18,7946,7,77,"festerne,",True,3,,162,,586,",",8,162,TBD,TBD
18,7946,7,78,højtiderne.,True,2,,222,,469,e,6,222,TBD,TBD
18,7946,7,79,Traditioner,True,1,,365,,365,i,6,365,365,365
18,7946,7,80,uden,True,1,,204,,204,n,3,204,204,204
18,7946,7,81,ånd,False,0,,NA,,NA,NA,NA,NA,NA,NA
18,7946,7,82,er,True,1,,332,,332,r,1,332,332,332
18,7946,7,83,glædesløse.,True,2,,431,,581,ø,7,431,581,581
18,7946,7,84,Derfor,True,1,,272,,272,r,5,272,TBD,TBD
18,7946,7,85,er,False,0,,NA,,NA,NA,NA,NA,NA,NA
18,7946,7,86,denne,True,1,,110,,110,e,4,110,TBD,110
18,7946,7,87,tradition,True,1,,157,,157,i,6,157,157,157
18,7946,7,88,særlig,False,0,,NA,,NA,NA,NA,NA,NA,NA
18,7946,7,89,smuk.,True,1,,292,,292,s,0,292,292,292
18,7946,7,90,For,False,0,,NA,,NA,NA,NA,NA,NA,NA
18,7946,7,91,den,False,0,,NA,,NA,NA,NA,NA,NA,NA
18,7946,7,92,forbinder,True,2,,198,,325,r,2,198,TBD,TBD
18,7946,7,93,det,True,1,,166,,166,d,0,166,166,166
18,7946,7,94,hele.,True,1,,252,,252,.,4,252,252,252
18,7946,7,95,Lyset.,False,0,,NA,,NA,NA,NA,NA,NA,NA
18,7946,7,96,Fortællingerne.,True,2,,284,,605,F,0,360,605,605
18,7946,7,97,Myterne.,True,1,,235,,235,n,5,235,235,235
18,7946,7,98,Glæden.,True,1,,195,,195,d,3,195,TBD,TBD
18,7946,7,99,Og,True,1,,140,,140,g,1,140,TBD,140
18,7946,7,100,freden.,True,1,,178,,178,e,4,178,178,178
18,7946,7,101,Om,False,0,,NA,,NA,NA,NA,NA,NA,NA
18,7946,7,102,det,False,0,,NA,,NA,NA,NA,NA,NA,NA
18,7946,7,103,at,True,2,,100,,320,a,0,100,TBD,TBD
18,7946,7,104,året,True,2,,182,,366,å,0,182,TBD,366
18,7946,7,105,går,True,1,,204,,204,g,0,204,TBD,TBD
18,7946,7,106,sin,True,1,,371,,371,s,0,371,371,371
18,7946,7,107,gang.,False,0,,NA,,NA,NA,NA,NA,NA,NA
18,7946,7,108,Og,True,1,,109,,109,O,0,109,109,109
18,7946,7,109,at,False,0,,NA,,NA,NA,NA,NA,NA,NA
18,7946,7,110,vi,True,1,,142,,142,i,1,142,TBD,TBD
18,7946,7,111,har,True,1,,167,,167,r,2,167,TBD,167
18,7946,7,112,nogen,False,0,,NA,,NA,NA,NA,NA,NA,NA
18,7946,7,113,"indbyggede,",True,1,,237,,237,g,5,237,237,237
18,7946,7,114,traditionsbundne,True,2,,180,,315,o,7,180,TBD,TBD
18,7946,7,115,"milepæle,",True,1,,222,,222,p,4,222,TBD,TBD
18,7946,7,116,der,False,0,,NA,,NA,NA,NA,NA,NA,NA
18,7946,7,117,markerer,True,2,,128,,311,m,0,128,TBD,311
18,7946,7,118,dette.,True,2,,102,,445,.,5,102,TBD,445
19,7946,8,1,For,False,0,,NA,,NA,NA,NA,NA,NA,NA
19,7946,8,2,det,True,1,,161,,161,d,0,161,TBD,TBD
19,7946,8,3,sjove,True,1,,120,,120,s,0,120,TBD,TBD
19,7946,8,4,er,False,0,,NA,,NA,NA,NA,NA,NA,NA
19,7946,8,5,vel,True,1,,285,,285,e,1,285,285,285
19,7946,8,6,egentlig,True,1,,185,,185,l,5,185,185,185
19,7946,8,7,"også,",True,1,,115,,115,",",4,115,115,115
19,7946,8,8,at,False,0,,NA,,NA,NA,NA,NA,NA,NA
19,7946,8,9,i,True,1,,177,,177,i,0,177,TBD,TBD
19,7946,8,10,aften,True,1,,185,,185,t,2,185,TBD,TBD
19,7946,8,11,tænker,True,2,,168,,416,æ,1,168,416,416
19,7946,8,12,vi,False,0,,NA,,NA,NA,NA,NA,NA,NA
19,7946,8,13,ikke,True,1,,313,,313,k,2,313,313,313
19,7946,8,14,på,True,1,,189,,189,å,1,189,TBD,TBD
19,7946,8,15,alt,True,1,,271,,271,a,0,271,271,271
19,7946,8,16,"det,",True,2,,157,,315,d,0,315,315,315
19,7946,8,17,der,False,0,,NA,,NA,NA,NA,NA,NA,NA
19,7946,8,18,skete,True,1,,209,,209,s,0,209,209,209
19,7946,8,19,de,False,0,,NA,,NA,NA,NA,NA,NA,NA
19,7946,8,20,foregående,True,3,,147,,443,o,1,312,TBD,TBD
19,7946,8,21,12,True,2,,252,,381,1,0,252,381,381
19,7946,8,22,måneder,False,0,,NA,,NA,NA,NA,NA,NA,NA
19,7946,8,23,siden,True,1,,210,,210,i,1,210,210,210
19,7946,8,24,sidste,True,2,,208,,477,e,5,208,TBD,TBD
19,7946,8,25,sommer.,False,0,,NA,,NA,NA,NA,NA,NA,NA
19,7946,8,26,"Nej,",False,0,,NA,,NA,NA,NA,NA,NA,NA
19,7946,8,27,vi,True,1,,106,,106,i,1,106,TBD,TBD
19,7946,8,28,træder,True,3,,211,,522,r,1,211,TBD,TBD
19,7946,8,29,nærmest,True,2,,109,,193,e,4,109,TBD,TBD
19,7946,8,30,ind,False,0,,NA,,NA,NA,NA,NA,NA,NA
19,7946,8,31,i,True,1,,134,,134,i,0,134,134,134
19,7946,8,32,en,False,0,,NA,,NA,NA,NA,NA,NA,NA
19,7946,8,33,magisk,True,2,,301,,534,s,4,301,TBD,TBD
19,7946,8,34,stund.,True,1,,241,,241,d,4,241,241,241
19,7946,8,35,Hvor,True,1,,171,,171,r,3,171,TBD,TBD
19,7946,8,36,i,True,1,,276,,276,i,0,276,276,276
19,7946,8,37,går,True,1,,158,,158,g,0,158,TBD,TBD
19,7946,8,38,og,True,1,,216,,216,o,0,216,216,216
19,7946,8,39,i,False,0,,NA,,NA,NA,NA,NA,NA,NA
19,7946,8,40,forgårs,True,2,,256,,379,f,0,256,379,379
19,7946,8,41,er,False,0,,NA,,NA,NA,NA,NA,NA,NA
19,7946,8,42,forsvundet.,True,2,,101,,467,.,10,101,TBD,TBD
19,7946,8,43,Og,False,0,,NA,,NA,NA,NA,NA,NA,NA
19,7946,8,44,at,False,0,,NA,,NA,NA,NA,NA,NA,NA
19,7946,8,45,vi,False,0,,NA,,NA,NA,NA,NA,NA,NA
19,7946,8,46,tænker,True,2,,136,,440,e,4,136,TBD,TBD
19,7946,8,47,på,False,0,,NA,,NA,NA,NA,NA,NA,NA
19,7946,8,48,sidste,True,1,,335,,335,t,4,335,335,335
19,7946,8,49,års,False,0,,NA,,NA,NA,NA,NA,NA,NA
19,7946,8,50,bålaften.,True,2,,250,,355,b,0,250,355,355
19,7946,8,51,Vi,False,0,,NA,,NA,NA,NA,NA,NA,NA
19,7946,8,52,ophæver,True,1,,208,,208,æ,3,208,208,208
19,7946,8,53,den,False,0,,NA,,NA,NA,NA,NA,NA,NA
19,7946,8,54,"kontinuerlige,",True,1,,352,,352,e,7,352,352,352
19,7946,8,55,lineære,True,1,,339,,339,r,5,339,339,339
19,7946,8,56,måde,False,0,,NA,,NA,NA,NA,NA,NA,NA
19,7946,8,57,at,True,2,,190,,269,a,0,190,269,269
19,7946,8,58,se,False,0,,NA,,NA,NA,NA,NA,NA,NA
19,7946,8,59,verden,True,2,,119,,325,n,5,119,TBD,TBD
19,7946,8,60,på.,False,0,,NA,,NA,NA,NA,NA,NA,NA
19,7946,8,61,Hvor,False,0,,NA,,NA,NA,NA,NA,NA,NA
19,7946,8,62,vi,True,2,,49,,190,v,0,190,TBD,TBD
19,7946,8,63,midt,True,1,,282,,282,m,0,282,TBD,282
19,7946,8,64,i,True,1,,268,,268,i,0,268,268,268
19,7946,8,65,alle,False,0,,NA,,NA,NA,NA,NA,NA,NA
19,7946,8,66,vores,True,1,,302,,302,v,0,302,302,302
19,7946,8,67,praktiske,True,1,,86,,86,k,3,86,86,86
19,7946,8,68,gøremål,True,1,,97,,97,g,0,97,97,97
19,7946,8,69,–,False,0,,NA,,NA,NA,NA,NA,NA,NA
19,7946,8,70,måler,True,1,,179,,179,r,4,179,TBD,TBD
19,7946,8,71,tiden,True,1,,285,,285,t,0,285,TBD,285
19,7946,8,72,et,False,0,,NA,,NA,NA,NA,NA,NA,NA
19,7946,8,73,stykke,True,1,,288,,288,k,3,288,288,288
19,7946,8,74,efter,False,0,,NA,,NA,NA,NA,NA,NA,NA
19,7946,8,75,et,True,1,,165,,165,e,0,165,165,165
19,7946,8,76,andet.,True,1,,221,,221,d,2,221,221,221
19,7946,8,77,Alt,False,0,,NA,,NA,NA,NA,NA,NA,NA
19,7946,8,78,dette,True,1,,283,,283,d,0,283,TBD,TBD
19,7946,8,79,bliver,True,1,,132,,132,e,4,132,TBD,132
19,7946,8,80,for,False,0,,NA,,NA,NA,NA,NA,NA,NA
19,7946,8,81,en,False,0,,NA,,NA,NA,NA,NA,NA,NA
19,7946,8,82,stund,True,1,,204,,204,s,0,204,204,204
19,7946,8,83,ophævet.,True,1,,156,,156,æ,3,156,TBD,156
20,7946,9,1,Og,False,0,,NA,,NA,NA,NA,NA,NA,NA
20,7946,9,2,vi,False,0,,NA,,NA,NA,NA,NA,NA,NA
20,7946,9,3,træder,True,1,,147,,147,t,0,147,TBD,TBD
20,7946,9,4,ind,True,1,,56,,56,n,1,56,TBD,56
20,7946,9,5,i,False,0,,NA,,NA,NA,NA,NA,NA,NA
20,7946,9,6,årshjulets,True,2,,206,,450,h,3,450,TBD,TBD
20,7946,9,7,cirkulære,True,4,,184,,654,l,5,184,TBD,TBD
20,7946,9,8,rytme.,True,1,,153,,153,e,4,153,153,153
20,7946,9,9,For,False,0,,NA,,NA,NA,NA,NA,NA,NA
20,7946,9,10,vi,False,0,,NA,,NA,NA,NA,NA,NA,NA
20,7946,9,11,giver,True,2,,153,,298,r,4,153,TBD,TBD
20,7946,9,12,pokker,True,2,,178,,389,r,5,178,TBD,TBD
20,7946,9,13,i,False,0,,NA,,NA,NA,NA,NA,NA,NA
20,7946,9,14,januars,True,3,,201,,338,s,6,338,TBD,TBD
20,7946,9,15,måneds,True,2,,281,,485,m,0,281,TBD,485
20,7946,9,16,lommesmerter,True,3,,216,,477,e,7,216,TBD,TBD
20,7946,9,17,og,False,0,,NA,,NA,NA,NA,NA,NA,NA
20,7946,9,18,februars,True,1,,313,,313,u,4,313,TBD,TBD
20,7946,9,19,tristesse.,True,4,,115,,556,i,2,115,TBD,556
20,7946,9,20,Marts,True,1,,237,,237,t,3,237,TBD,TBD
20,7946,9,21,måneds,True,3,,192,,619,n,2,435,TBD,TBD
20,7946,9,22,tunge,True,2,,243,,397,u,1,243,TBD,TBD
20,7946,9,23,regn.,True,1,,184,,184,r,0,184,TBD,184
20,7946,9,24,Og,True,1,,111,,111,O,0,111,111,111
20,7946,9,25,april,True,1,,155,,155,i,3,155,TBD,TBD
20,7946,9,26,måneds,True,3,,176,,430,m,0,176,TBD,TBD
20,7946,9,27,forårsbebudning.,True,3,,212,,654,r,4,212,TBD,654
20,7946,9,28,Netop,False,0,,NA,,NA,NA,NA,NA,NA,NA
20,7946,9,29,i,True,1,,169,,169,i,0,169,TBD,TBD
20,7946,9,30,aften,True,1,,256,,256,a,0,256,TBD,256
20,7946,9,31,er,False,0,,NA,,NA,NA,NA,NA,NA,NA
20,7946,9,32,vi,True,1,,219,,219,i,1,219,219,219
20,7946,9,33,bare.,True,1,,335,,335,.,4,335,TBD,TBD
20,7946,9,34,Og,False,0,,NA,,NA,NA,NA,NA,NA,NA
20,7946,9,35,vi,False,0,,NA,,NA,NA,NA,NA,NA,NA
20,7946,9,36,lader,True,2,,106,,405,d,2,106,TBD,405
20,7946,9,37,tankerne,False,0,,NA,,NA,NA,NA,NA,NA,NA
20,7946,9,38,gå,False,0,,NA,,NA,NA,NA,NA,NA,NA
20,7946,9,39,mod,True,1,,556,,556,o,1,556,556,556
20,7946,9,40,alle,False,0,,NA,,NA,NA,NA,NA,NA,NA
20,7946,9,41,de,True,1,,189,,189,e,1,189,189,189
20,7946,9,42,andre,True,1,,128,,128,e,4,128,TBD,TBD
20,7946,9,43,midsommeraftner.,True,3,,270,,749,m,6,270,TBD,TBD
20,7946,9,44,Fuldt,True,1,,167,,167,t,4,167,TBD,TBD
20,7946,9,45,af,True,1,,169,,169,f,1,169,TBD,169
20,7946,9,46,skønheden,False,0,,NA,,NA,NA,NA,NA,NA,NA
20,7946,9,47,og,False,0,,NA,,NA,NA,NA,NA,NA,NA
20,7946,9,48,nybrud.,True,2,,217,,445,y,1,217,445,445
20,7946,9,49,Fuld,True,1,,318,,318,d,3,318,318,318
20,7946,9,50,af,False,0,,NA,,NA,NA,NA,NA,NA,NA
20,7946,9,51,"forventninger,",True,2,,117,,291,n,7,117,TBD,TBD
20,7946,9,52,og,False,0,,NA,,NA,NA,NA,NA,NA,NA
20,7946,9,53,vi,False,0,,NA,,NA,NA,NA,NA,NA,NA
20,7946,9,54,kan,False,0,,NA,,NA,NA,NA,NA,NA,NA
20,7946,9,55,på,True,1,,197,,197,p,0,197,197,197
20,7946,9,56,en,True,1,,349,,349,e,0,349,TBD,TBD
20,7946,9,57,aften,True,1,,186,,186,n,4,186,TBD,186
20,7946,9,58,som,False,0,,NA,,NA,NA,NA,NA,NA,NA
20,7946,9,59,i,True,1,,280,,280,i,0,280,280,280
20,7946,9,60,aften,False,0,,NA,,NA,NA,NA,NA,NA,NA
20,7946,9,61,næsten,True,2,,204,,448,n,0,204,TBD,TBD
20,7946,9,62,høre,True,2,,351,,515,ø,1,351,TBD,TBD
20,7946,9,63,mosekonen,True,1,,382,,382,k,4,382,TBD,382
20,7946,9,64,brygge.,True,1,,269,,269,.,6,269,269,269
20,7946,9,65,Og,False,0,,NA,,NA,NA,NA,NA,NA,NA
20,7946,9,66,"føle,",True,2,,317,,453,",",4,317,TBD,TBD
20,7946,9,67,hvordan,True,3,,157,,472,a,5,157,472,472
20,7946,9,68,hyldeblomsten,True,4,,145,,938,e,11,352,TBD,TBD
20,7946,9,69,beruser,True,3,,276,,612,e,5,276,TBD,612
20,7946,9,70,os.,False,0,,NA,,NA,NA,NA,NA,NA,NA
21,7946,10,1,Og,False,0,,NA,,NA,NA,NA,NA,NA,NA
21,7946,10,2,hvad,True,1,,201,,201,d,3,201,TBD,TBD
21,7946,10,3,er,False,0,,NA,,NA,NA,NA,NA,NA,NA
21,7946,10,4,det,False,0,,NA,,NA,NA,NA,NA,NA,NA
21,7946,10,5,så,False,0,,NA,,NA,NA,NA,NA,NA,NA
21,7946,10,6,for,False,0,,NA,,NA,NA,NA,NA,NA,NA
21,7946,10,7,"noget,",True,1,,188,,188,n,0,188,188,188
21,7946,10,8,vi,False,0,,NA,,NA,NA,NA,NA,NA,NA
21,7946,10,9,tænker,True,1,,281,,281,r,5,281,281,281
21,7946,10,10,på?,False,0,,NA,,NA,NA,NA,NA,NA,NA
21,7946,10,11,I,False,0,,NA,,NA,NA,NA,NA,NA,NA
21,7946,10,12,har,True,1,,163,,163,r,2,163,TBD,TBD
21,7946,10,13,sikkert,True,2,,271,,458,k,3,271,TBD,TBD
21,7946,10,14,hver,False,0,,NA,,NA,NA,NA,NA,NA,NA
21,7946,10,15,især,True,1,,235,,235,æ,2,235,235,235
21,7946,10,16,jeres,True,1,,161,,161,j,0,161,161,161
21,7946,10,17,egne,False,0,,NA,,NA,NA,NA,NA,NA,NA
21,7946,10,18,"traditioner,",True,1,,293,,293,t,5,293,293,293
21,7946,10,19,som,False,0,,NA,,NA,NA,NA,NA,NA,NA
21,7946,10,20,I,True,1,,411,,411,I,0,411,411,411
21,7946,10,21,har,False,0,,NA,,NA,NA,NA,NA,NA,NA
21,7946,10,22,været,False,0,,NA,,NA,NA,NA,NA,NA,NA
21,7946,10,23,en,True,1,,146,,146,e,0,146,TBD,TBD
21,7946,10,24,del,False,0,,NA,,NA,NA,NA,NA,NA,NA
21,7946,10,25,"af,",True,2,,108,,237,f,1,108,TBD,237
21,7946,10,26,inden,False,0,,NA,,NA,NA,NA,NA,NA,NA
21,7946,10,27,i,False,0,,NA,,NA,NA,NA,NA,NA,NA
21,7946,10,28,kommet,True,1,,225,,225,e,4,225,225,225
21,7946,10,29,her.,False,0,,NA,,NA,NA,NA,NA,NA,NA
21,7946,10,30,I,False,0,,NA,,NA,NA,NA,NA,NA,NA
21,7946,10,31,mit,False,0,,NA,,NA,NA,NA,NA,NA,NA
21,7946,10,32,barndomshjem,True,2,,180,,335,n,3,180,TBD,TBD
21,7946,10,33,var,False,0,,NA,,NA,NA,NA,NA,NA,NA
21,7946,10,34,det,False,0,,NA,,NA,NA,NA,NA,NA,NA
21,7946,10,35,"sådan,",True,1,,212,,212,å,1,212,212,212
21,7946,10,36,at,False,0,,NA,,NA,NA,NA,NA,NA,NA
21,7946,10,37,lige,False,0,,NA,,NA,NA,NA,NA,NA,NA
21,7946,10,38,så,True,1,,314,,314,å,1,314,314,314
21,7946,10,39,meget,True,1,,106,,106,t,4,106,106,106
21,7946,10,40,som,True,1,,128,,128,m,2,128,128,128
21,7946,10,41,julen,True,1,,105,,105,n,4,105,105,105
21,7946,10,42,var,False,0,,NA,,NA,NA,NA,NA,NA,NA
21,7946,10,43,en,False,0,,NA,,NA,NA,NA,NA,NA,NA
21,7946,10,44,familiær,True,1,,168,,168,m,2,168,168,168
21,7946,10,45,"begivenhed,",True,1,,164,,164,n,6,164,164,164
21,7946,10,46,så,False,0,,NA,,NA,NA,NA,NA,NA,NA
21,7946,10,47,var,False,0,,NA,,NA,NA,NA,NA,NA,NA
21,7946,10,48,midsommer,True,3,,201,,657,m,5,442,TBD,TBD
21,7946,10,49,"der,",False,0,,NA,,NA,NA,NA,NA,NA,NA
21,7946,10,50,hvor,True,1,,148,,148,h,0,148,TBD,TBD
21,7946,10,51,de,False,0,,NA,,NA,NA,NA,NA,NA,NA
21,7946,10,52,mødtes,True,1,,313,,313,m,0,313,TBD,313
21,7946,10,53,med,True,1,,153,,153,m,0,153,153,153
21,7946,10,54,den,True,1,,192,,192,d,0,192,TBD,TBD
21,7946,10,55,udvidede,True,2,,249,,436,e,7,249,TBD,436
21,7946,10,56,familie.,True,1,,112,,112,l,4,112,112,112
21,7946,10,57,Altså,True,1,,196,,196,t,2,196,196,196
21,7946,10,58,alle,False,0,,NA,,NA,NA,NA,NA,NA,NA
21,7946,10,59,de,True,1,,190,,190,d,0,190,TBD,TBD
21,7946,10,60,"venner,",True,2,,141,,353,n,2,141,TBD,TBD
21,7946,10,61,vi,False,0,,NA,,NA,NA,NA,NA,NA,NA
21,7946,10,62,"børn,",True,1,,111,,111,n,3,111,111,111
21,7946,10,63,vi,True,1,,115,,115,v,0,115,115,115
21,7946,10,64,så,True,1,,192,,192,å,1,192,192,192
21,7946,10,65,komme,True,2,,188,,467,k,0,188,TBD,TBD
21,7946,10,66,tit,True,2,,203,,493,i,1,203,TBD,493
21,7946,10,67,og,True,1,,328,,328,o,0,328,328,328
21,7946,10,68,tæt,False,0,,NA,,NA,NA,NA,NA,NA,NA
21,7946,10,69,i,False,0,,NA,,NA,NA,NA,NA,NA,NA
21,7946,10,70,barndomshjemmet.,False,0,,NA,,NA,NA,NA,NA,NA,NA
22,7946,11,1,Så,False,0,,NA,,NA,NA,NA,NA,NA,NA
22,7946,11,2,var,False,0,,NA,,NA,NA,NA,NA,NA,NA
22,7946,11,3,man,True,3,,143,,357,m,0,302,TBD,TBD
22,7946,11,4,nemlig,True,3,,105,,611,e,1,105,TBD,TBD
22,7946,11,5,sammen,True,1,,169,,169,a,1,169,169,169
22,7946,11,6,med,False,0,,NA,,NA,NA,NA,NA,NA,NA
22,7946,11,7,den,True,1,,267,,267,e,1,267,TBD,TBD
22,7946,11,8,selvvalgte,True,2,,164,,308,l,2,164,308,308
22,7946,11,9,familie.,True,2,,127,,299,i,3,127,299,299
22,7946,11,10,Og,True,1,,140,,140,g,1,140,140,140
22,7946,11,11,der,False,0,,NA,,NA,NA,NA,NA,NA,NA
22,7946,11,12,fejrede,True,3,,269,,651,d,5,269,TBD,TBD
22,7946,11,13,de,False,0,,NA,,NA,NA,NA,NA,NA,NA
22,7946,11,14,voksne,True,3,,79,,453,n,4,341,453,453
22,7946,11,15,hele,False,0,,NA,,NA,NA,NA,NA,NA,NA
22,7946,11,16,aftenen,True,3,,424,,845,e,3,424,TBD,TBD
22,7946,11,17,det,False,0,,NA,,NA,NA,NA,NA,NA,NA
22,7946,11,18,"fælleskab,",True,1,,196,,196,k,6,196,TBD,TBD
22,7946,11,19,de,True,1,,124,,124,d,0,124,124,124
22,7946,11,20,havde,False,0,,NA,,NA,NA,NA,NA,NA,NA
22,7946,11,21,etableret,True,1,,333,,333,l,4,333,333,333
22,7946,11,22,med,False,0,,NA,,NA,NA,NA,NA,NA,NA
22,7946,11,23,hinanden,True,1,,200,,200,e,6,200,200,200
22,7946,11,24,mens,False,0,,NA,,NA,NA,NA,NA,NA,NA
22,7946,11,25,vi,True,1,,270,,270,i,1,270,TBD,TBD
22,7946,11,26,unger,True,1,,197,,197,r,4,197,197,197
22,7946,11,27,legede.,True,1,,149,,149,e,1,149,149,149
22,7946,11,28,Og,False,0,,NA,,NA,NA,NA,NA,NA,NA
22,7946,11,29,glædede,True,2,,148,,417,l,1,148,417,417
22,7946,11,30,os,True,1,,151,,151,s,1,151,TBD,TBD
22,7946,11,31,helt,True,1,,213,,213,t,3,213,213,213
22,7946,11,32,sindssygt,True,1,,160,,160,t,8,160,160,160
22,7946,11,33,"til,",False,0,,NA,,NA,NA,NA,NA,NA,NA
22,7946,11,34,at,False,0,,NA,,NA,NA,NA,NA,NA,NA
22,7946,11,35,vi,False,0,,NA,,NA,NA,NA,NA,NA,NA
22,7946,11,36,skulle,True,1,,253,,253,l,3,253,TBD,TBD
22,7946,11,37,være,False,0,,NA,,NA,NA,NA,NA,NA,NA
22,7946,11,38,længe,True,1,,114,,114,æ,1,114,114,114
22,7946,11,39,oppe.,False,0,,NA,,NA,NA,NA,NA,NA,NA
22,7946,11,40,Og,False,0,,NA,,NA,NA,NA,NA,NA,NA
22,7946,11,41,vi,True,1,,113,,113,i,1,113,113,113
22,7946,11,42,skulle,False,0,,NA,,NA,NA,NA,NA,NA,NA
22,7946,11,43,se,False,0,,NA,,NA,NA,NA,NA,NA,NA
22,7946,11,44,bål,True,1,,244,,244,b,0,244,244,244
22,7946,11,45,...,False,0,,NA,,NA,NA,NA,NA,NA,NA
22,7946,11,46,for,False,0,,NA,,NA,NA,NA,NA,NA,NA
22,7946,11,47,efter,True,1,,305,,305,r,4,305,305,305
22,7946,11,48,mad,False,0,,NA,,NA,NA,NA,NA,NA,NA
22,7946,11,49,og,False,0,,NA,,NA,NA,NA,NA,NA,NA
22,7946,11,50,"leg,",True,2,,78,,412,",",3,78,TBD,TBD
22,7946,11,51,så,False,0,,NA,,NA,NA,NA,NA,NA,NA
22,7946,11,52,var,False,0,,NA,,NA,NA,NA,NA,NA,NA
22,7946,11,53,det,True,1,,251,,251,t,2,251,251,251
22,7946,11,54,"dét,",False,0,,NA,,NA,NA,NA,NA,NA,NA
22,7946,11,55,vi,True,1,,110,,110,v,0,110,110,110
22,7946,11,56,"skulle,",False,0,,NA,,NA,NA,NA,NA,NA,NA
22,7946,11,57,vi,True,1,,214,,214,v,0,214,214,214
22,7946,11,58,skulle,False,0,,NA,,NA,NA,NA,NA,NA,NA
22,7946,11,59,se,False,0,,NA,,NA,NA,NA,NA,NA,NA
22,7946,11,60,bål.,True,1,,166,,166,b,0,166,166,166
22,7946,11,61,Og,False,0,,NA,,NA,NA,NA,NA,NA,NA
22,7946,11,62,vi,False,0,,NA,,NA,NA,NA,NA,NA,NA
22,7946,11,63,var,False,0,,NA,,NA,NA,NA,NA,NA,NA
22,7946,11,64,sammen,True,2,,123,,254,m,3,123,254,254
22,7946,11,65,om,False,0,,NA,,NA,NA,NA,NA,NA,NA
22,7946,11,66,det.,False,0,,NA,,NA,NA,NA,NA,NA,NA
22,7946,11,67,Og,False,0,,NA,,NA,NA,NA,NA,NA,NA
22,7946,11,68,da,False,0,,NA,,NA,NA,NA,NA,NA,NA
22,7946,11,69,jeg,True,1,,147,,147,j,0,147,TBD,TBD
22,7946,11,70,blev,True,1,,179,,179,b,0,179,179,179
22,7946,11,71,"ældre,",False,0,,NA,,NA,NA,NA,NA,NA,NA
22,7946,11,72,søgte,False,0,,NA,,NA,NA,NA,NA,NA,NA
22,7946,11,73,jeg,True,1,,177,,177,g,2,177,177,177
22,7946,11,74,selv,False,0,,NA,,NA,NA,NA,NA,NA,NA
22,7946,11,75,mod,False,0,,NA,,NA,NA,NA,NA,NA,NA
22,7946,11,76,mine,True,1,,201,,201,m,0,201,201,201
22,7946,11,77,egne,True,1,,175,,175,e,3,175,TBD,TBD
22,7946,11,78,selvetablerede,True,1,,144,,144,e,4,144,144,144
22,7946,11,79,fællesskaber.,True,1,,170,,170,s,6,170,170,170
22,7946,11,80,Ligesom,False,0,,NA,,NA,NA,NA,NA,NA,NA
22,7946,11,81,I,True,1,,286,,286,I,0,286,286,286
22,7946,11,82,har,False,0,,NA,,NA,NA,NA,NA,NA,NA
22,7946,11,83,gjort.,True,1,,290,,290,.,5,290,TBD,290
22,7946,11,84,Og,True,1,,153,,153,O,0,153,153,153
22,7946,11,85,ve,False,0,,NA,,NA,NA,NA,NA,NA,NA
22,7946,11,86,"den,",True,2,,157,,244,",",3,157,TBD,TBD
22,7946,11,87,som,False,0,,NA,,NA,NA,NA,NA,NA,NA
22,7946,11,88,sad,False,0,,NA,,NA,NA,NA,NA,NA,NA
22,7946,11,89,alene,True,2,,224,,330,l,1,224,TBD,TBD
22,7946,11,90,på,False,0,,NA,,NA,NA,NA,NA,NA,NA
22,7946,11,91,sankthansaften.,True,1,,163,,163,t,4,163,TBD,163
