trialId,speechId,paragraphId,wordId,word,word_fixated,number_of_fixations,word_landing_position_char,word_landing_position_index,word_first_fixation_duration,word_mean_fixation_duration,word_first_char_dwell_time,word_total_fix_time,word_gaze_duration,word_go_past_time
1,1327,-1,1,NY,False,0,NA,NA,NA,NA,NA,NA,NA,NA
1,1327,-1,2,TALE,False,0,NA,NA,NA,NA,NA,NA,NA,NA
1,1327,-1,3,BEGYNDER,False,0,NA,NA,NA,NA,NA,NA,NA,NA
1,1327,-1,4,NU,False,0,NA,NA,NA,NA,NA,NA,NA,NA
2,1327,0,1,Hej,True,1,j,2,156,156.0,156,156,156,156
2,1327,0,2,alle,True,1,l,1,141,141.0,141,141,141,141
2,1327,0,3,sammen!,True,1,m,2,244,244.0,244,244,244,244
3,1327,1,1,Som,False,0,NA,NA,NA,NA,NA,NA,NA,NA
3,1327,1,2,I,False,0,NA,NA,NA,NA,NA,NA,NA,NA
3,1327,1,3,allerede,True,1,e,5,69,69.0,69,69,69,69
3,1327,1,4,"ved,",False,0,NA,NA,NA,NA,NA,NA,NA,NA
3,1327,1,5,vil,False,0,NA,NA,NA,NA,NA,NA,NA,NA
3,1327,1,6,vi,False,0,NA,NA,NA,NA,NA,NA,NA,NA
3,1327,1,7,om,False,0,NA,NA,NA,NA,NA,NA,NA,NA
3,1327,1,8,lidt,False,0,NA,NA,NA,NA,NA,NA,NA,NA
3,1327,1,9,tænde,False,0,NA,NA,NA,NA,NA,NA,NA,NA
3,1327,1,10,for,False,0,NA,NA,NA,NA,NA,NA,NA,NA
3,1327,1,11,et,False,0,NA,NA,NA,NA,NA,NA,NA,NA
3,1327,1,12,"bål,",False,0,NA,NA,NA,NA,NA,NA,NA,NA
3,1327,1,13,der,False,0,NA,NA,NA,NA,NA,NA,NA,NA
3,1327,1,14,vil,False,0,NA,NA,NA,NA,NA,NA,NA,NA
3,1327,1,15,brænde,False,0,NA,NA,NA,NA,NA,NA,NA,NA
3,1327,1,16,et,False,0,NA,NA,NA,NA,NA,NA,NA,NA
3,1327,1,17,skab,False,0,NA,NA,NA,NA,NA,NA,NA,NA
3,1327,1,18,af,False,0,NA,NA,NA,NA,NA,NA,NA,NA
3,1327,1,19,–,False,0,NA,NA,NA,NA,NA,NA,NA,NA
3,1327,1,20,det,False,0,NA,NA,NA,NA,NA,NA,NA,NA
3,1327,1,21,"skab,",False,0,NA,NA,NA,NA,NA,NA,NA,NA
3,1327,1,22,vi,False,0,NA,NA,NA,NA,NA,NA,NA,NA
3,1327,1,23,har,False,0,NA,NA,NA,NA,NA,NA,NA,NA
3,1327,1,24,følt,False,0,NA,NA,NA,NA,NA,NA,NA,NA
3,1327,1,25,os,False,0,NA,NA,NA,NA,NA,NA,NA,NA
3,1327,1,26,begrænset,False,0,NA,NA,NA,NA,NA,NA,NA,NA
3,1327,1,27,"af,",True,1,",",2,68,68.0,68,68,68,68
3,1327,1,28,indelukket,False,0,NA,NA,NA,NA,NA,NA,NA,NA
3,1327,1,29,"i,",False,0,NA,NA,NA,NA,NA,NA,NA,NA
3,1327,1,30,og,False,0,NA,NA,NA,NA,NA,NA,NA,NA
3,1327,1,31,som,False,0,NA,NA,NA,NA,NA,NA,NA,NA
3,1327,1,32,de,False,0,NA,NA,NA,NA,NA,NA,NA,NA
3,1327,1,33,fleste,False,0,NA,NA,NA,NA,NA,NA,NA,NA
3,1327,1,34,af,False,0,NA,NA,NA,NA,NA,NA,NA,NA
3,1327,1,35,os,False,0,NA,NA,NA,NA,NA,NA,NA,NA
3,1327,1,36,er,False,0,NA,NA,NA,NA,NA,NA,NA,NA
3,1327,1,37,brudt,False,0,NA,NA,NA,NA,NA,NA,NA,NA
3,1327,1,38,ud,False,0,NA,NA,NA,NA,NA,NA,NA,NA
3,1327,1,39,af,False,0,NA,NA,NA,NA,NA,NA,NA,NA
3,1327,1,40,for,False,0,NA,NA,NA,NA,NA,NA,NA,NA
3,1327,1,41,at,False,0,NA,NA,NA,NA,NA,NA,NA,NA
3,1327,1,42,kunne,False,0,NA,NA,NA,NA,NA,NA,NA,NA
3,1327,1,43,blive,False,0,NA,NA,NA,NA,NA,NA,NA,NA
3,1327,1,44,lykkeligere.,False,0,NA,NA,NA,NA,NA,NA,NA,NA
4,1327,2,1,'Men,False,0,NA,NA,NA,NA,NA,NA,NA,NA
4,1327,2,2,skabe,False,0,NA,NA,NA,NA,NA,NA,NA,NA
4,1327,2,3,er,False,0,NA,NA,NA,NA,NA,NA,NA,NA
4,1327,2,4,da,False,0,NA,NA,NA,NA,NA,NA,NA,NA
4,1327,2,5,ganske,False,0,NA,NA,NA,NA,NA,NA,NA,NA
4,1327,2,6,praktiske,False,0,NA,NA,NA,NA,NA,NA,NA,NA
4,1327,2,7,til,False,0,NA,NA,NA,NA,NA,NA,NA,NA
4,1327,2,8,opbevaring,False,0,NA,NA,NA,NA,NA,NA,NA,NA
4,1327,2,9,af,False,0,NA,NA,NA,NA,NA,NA,NA,NA
4,1327,2,10,mangt,False,0,NA,NA,NA,NA,NA,NA,NA,NA
4,1327,2,11,og,False,0,NA,NA,NA,NA,NA,NA,NA,NA
4,1327,2,12,"meget,",False,0,NA,NA,NA,NA,NA,NA,NA,NA
4,1327,2,13,ikke,False,0,NA,NA,NA,NA,NA,NA,NA,NA
4,1327,2,14,sandt?',False,0,NA,NA,NA,NA,NA,NA,NA,NA
4,1327,2,15,"Jo,",False,0,NA,NA,NA,NA,NA,NA,NA,NA
4,1327,2,16,opbevaring,False,0,NA,NA,NA,NA,NA,NA,NA,NA
4,1327,2,17,af,False,0,NA,NA,NA,NA,NA,NA,NA,NA
4,1327,2,18,"værdier,",False,0,NA,NA,NA,NA,NA,NA,NA,NA
4,1327,2,19,det,False,0,NA,NA,NA,NA,NA,NA,NA,NA
4,1327,2,20,er,False,0,NA,NA,NA,NA,NA,NA,NA,NA
4,1327,2,21,rigtigt,False,0,NA,NA,NA,NA,NA,NA,NA,NA
4,1327,2,22,–,False,0,NA,NA,NA,NA,NA,NA,NA,NA
4,1327,2,23,men,False,0,NA,NA,NA,NA,NA,NA,NA,NA
4,1327,2,24,når,False,0,NA,NA,NA,NA,NA,NA,NA,NA
4,1327,2,25,vi,False,0,NA,NA,NA,NA,NA,NA,NA,NA
4,1327,2,26,først,False,0,NA,NA,NA,NA,NA,NA,NA,NA
4,1327,2,27,begynder,False,0,NA,NA,NA,NA,NA,NA,NA,NA
4,1327,2,28,at,False,0,NA,NA,NA,NA,NA,NA,NA,NA
4,1327,2,29,sætte,False,0,NA,NA,NA,NA,NA,NA,NA,NA
4,1327,2,30,spørgsmålstegn,False,0,NA,NA,NA,NA,NA,NA,NA,NA
4,1327,2,31,ved,False,0,NA,NA,NA,NA,NA,NA,NA,NA
4,1327,2,32,disse,False,0,NA,NA,NA,NA,NA,NA,NA,NA
4,1327,2,33,"værdier,",False,0,NA,NA,NA,NA,NA,NA,NA,NA
4,1327,2,34,så,False,0,NA,NA,NA,NA,NA,NA,NA,NA
4,1327,2,35,føles,False,0,NA,NA,NA,NA,NA,NA,NA,NA
4,1327,2,36,skabet,False,0,NA,NA,NA,NA,NA,NA,NA,NA
4,1327,2,37,mere,False,0,NA,NA,NA,NA,NA,NA,NA,NA
4,1327,2,38,og,False,0,NA,NA,NA,NA,NA,NA,NA,NA
4,1327,2,39,mere,False,0,NA,NA,NA,NA,NA,NA,NA,NA
4,1327,2,40,"trangt,",False,0,NA,NA,NA,NA,NA,NA,NA,NA
4,1327,2,41,for,False,0,NA,NA,NA,NA,NA,NA,NA,NA
4,1327,2,42,det,False,0,NA,NA,NA,NA,NA,NA,NA,NA
4,1327,2,43,kan,False,0,NA,NA,NA,NA,NA,NA,NA,NA
4,1327,2,44,ikke,False,0,NA,NA,NA,NA,NA,NA,NA,NA
4,1327,2,45,rumme,False,0,NA,NA,NA,NA,NA,NA,NA,NA
4,1327,2,46,vores,False,0,NA,NA,NA,NA,NA,NA,NA,NA
4,1327,2,47,ideer,False,0,NA,NA,NA,NA,NA,NA,NA,NA
4,1327,2,48,og,False,0,NA,NA,NA,NA,NA,NA,NA,NA
4,1327,2,49,følelser,False,0,NA,NA,NA,NA,NA,NA,NA,NA
4,1327,2,50,mere.,False,0,NA,NA,NA,NA,NA,NA,NA,NA
5,1327,3,1,'Jamen,True,1,m,3,368,368.0,368,368,368,368
5,1327,3,2,hvad,False,0,NA,NA,NA,NA,NA,NA,NA,NA
5,1327,3,3,er,False,0,NA,NA,NA,NA,NA,NA,NA,NA
5,1327,3,4,der,False,0,NA,NA,NA,NA,NA,NA,NA,NA
5,1327,3,5,i,False,0,NA,NA,NA,NA,NA,NA,NA,NA
5,1327,3,6,det,False,0,NA,NA,NA,NA,NA,NA,NA,NA
5,1327,3,7,skab?',False,0,NA,NA,NA,NA,NA,NA,NA,NA
5,1327,3,8,Der,False,0,NA,NA,NA,NA,NA,NA,NA,NA
5,1327,3,9,er,False,0,NA,NA,NA,NA,NA,NA,NA,NA
5,1327,3,10,en,False,0,NA,NA,NA,NA,NA,NA,NA,NA
5,1327,3,11,opfattelse,False,0,NA,NA,NA,NA,NA,NA,NA,NA
5,1327,3,12,af,False,0,NA,NA,NA,NA,NA,NA,NA,NA
5,1327,3,13,at,False,0,NA,NA,NA,NA,NA,NA,NA,NA
5,1327,3,14,kvinder,False,0,NA,NA,NA,NA,NA,NA,NA,NA
5,1327,3,15,og,False,0,NA,NA,NA,NA,NA,NA,NA,NA
5,1327,3,16,mænd,False,0,NA,NA,NA,NA,NA,NA,NA,NA
5,1327,3,17,skal,False,0,NA,NA,NA,NA,NA,NA,NA,NA
5,1327,3,18,"tænke,",False,0,NA,NA,NA,NA,NA,NA,NA,NA
5,1327,3,19,"føle,",False,0,NA,NA,NA,NA,NA,NA,NA,NA
5,1327,3,20,klæde,False,0,NA,NA,NA,NA,NA,NA,NA,NA
5,1327,3,21,sig,False,0,NA,NA,NA,NA,NA,NA,NA,NA
5,1327,3,22,og,False,0,NA,NA,NA,NA,NA,NA,NA,NA
5,1327,3,23,handle,True,2,h,0,206,148.0,296,296,296,296
5,1327,3,24,forskelligt,True,2,k,4,91,181.0,91,362,271,271
5,1327,3,25,–,False,0,NA,NA,NA,NA,NA,NA,NA,NA
5,1327,3,26,fordi,True,1,f,0,163,163.0,163,163,163,163
5,1327,3,27,nogle,True,1,n,0,208,208.0,208,208,208,208
5,1327,3,28,er,False,0,NA,NA,NA,NA,NA,NA,NA,NA
5,1327,3,29,kvinder,True,2,k,0,191,234.5,191,469,278,278
5,1327,3,30,og,True,1,g,1,127,127.0,127,127,127,127
5,1327,3,31,andre,False,0,NA,NA,NA,NA,NA,NA,NA,NA
5,1327,3,32,er,True,1,r,1,178,178.0,178,178,178,178
5,1327,3,33,mænd.,False,0,NA,NA,NA,NA,NA,NA,NA,NA
5,1327,3,34,Kønsroller,False,0,NA,NA,NA,NA,NA,NA,NA,NA
5,1327,3,35,kalder,False,0,NA,NA,NA,NA,NA,NA,NA,NA
5,1327,3,36,vi,False,0,NA,NA,NA,NA,NA,NA,NA,NA
5,1327,3,37,det.,False,0,NA,NA,NA,NA,NA,NA,NA,NA
5,1327,3,38,Men,False,0,NA,NA,NA,NA,NA,NA,NA,NA
5,1327,3,39,det,False,0,NA,NA,NA,NA,NA,NA,NA,NA
5,1327,3,40,rækker,False,0,NA,NA,NA,NA,NA,NA,NA,NA
5,1327,3,41,faktisk,False,0,NA,NA,NA,NA,NA,NA,NA,NA
5,1327,3,42,meget,False,0,NA,NA,NA,NA,NA,NA,NA,NA
5,1327,3,43,længere,False,0,NA,NA,NA,NA,NA,NA,NA,NA
5,1327,3,44,end,False,0,NA,NA,NA,NA,NA,NA,NA,NA
5,1327,3,45,bare,False,0,NA,NA,NA,NA,NA,NA,NA,NA
5,1327,3,46,til,False,0,NA,NA,NA,NA,NA,NA,NA,NA
5,1327,3,47,"roller,",False,0,NA,NA,NA,NA,NA,NA,NA,NA
5,1327,3,48,vi,False,0,NA,NA,NA,NA,NA,NA,NA,NA
5,1327,3,49,spiller,False,0,NA,NA,NA,NA,NA,NA,NA,NA
5,1327,3,50,–,False,0,NA,NA,NA,NA,NA,NA,NA,NA
5,1327,3,51,rollerne,False,0,NA,NA,NA,NA,NA,NA,NA,NA
5,1327,3,52,invaderer,False,0,NA,NA,NA,NA,NA,NA,NA,NA
5,1327,3,53,vores,False,0,NA,NA,NA,NA,NA,NA,NA,NA
5,1327,3,54,tanker,False,0,NA,NA,NA,NA,NA,NA,NA,NA
5,1327,3,55,og,False,0,NA,NA,NA,NA,NA,NA,NA,NA
5,1327,3,56,vores,False,0,NA,NA,NA,NA,NA,NA,NA,NA
5,1327,3,57,"følelser,",False,0,NA,NA,NA,NA,NA,NA,NA,NA
5,1327,3,58,så,False,0,NA,NA,NA,NA,NA,NA,NA,NA
5,1327,3,59,vi,True,1,v,0,147,147.0,147,147,147,147
5,1327,3,60,næsten,False,0,NA,NA,NA,NA,NA,NA,NA,NA
5,1327,3,61,ikke,False,0,NA,NA,NA,NA,NA,NA,NA,NA
5,1327,3,62,kan,False,0,NA,NA,NA,NA,NA,NA,NA,NA
5,1327,3,63,tænke,False,0,NA,NA,NA,NA,NA,NA,NA,NA
5,1327,3,64,uden,False,0,NA,NA,NA,NA,NA,NA,NA,NA
5,1327,3,65,for,False,0,NA,NA,NA,NA,NA,NA,NA,NA
5,1327,3,66,"rollen,",False,0,NA,NA,NA,NA,NA,NA,NA,NA
5,1327,3,67,så,False,0,NA,NA,NA,NA,NA,NA,NA,NA
5,1327,3,68,længe,False,0,NA,NA,NA,NA,NA,NA,NA,NA
5,1327,3,69,skabet,False,0,NA,NA,NA,NA,NA,NA,NA,NA
5,1327,3,70,omslutter,False,0,NA,NA,NA,NA,NA,NA,NA,NA
5,1327,3,71,"os,",False,0,NA,NA,NA,NA,NA,NA,NA,NA
5,1327,3,72,og,False,0,NA,NA,NA,NA,NA,NA,NA,NA
5,1327,3,73,i,False,0,NA,NA,NA,NA,NA,NA,NA,NA
5,1327,3,74,hvert,False,0,NA,NA,NA,NA,NA,NA,NA,NA
5,1327,3,75,fald,False,0,NA,NA,NA,NA,NA,NA,NA,NA
5,1327,3,76,først,False,0,NA,NA,NA,NA,NA,NA,NA,NA
5,1327,3,77,og,False,0,NA,NA,NA,NA,NA,NA,NA,NA
5,1327,3,78,fremmest,False,0,NA,NA,NA,NA,NA,NA,NA,NA
5,1327,3,79,føler,False,0,NA,NA,NA,NA,NA,NA,NA,NA
5,1327,3,80,vi,False,0,NA,NA,NA,NA,NA,NA,NA,NA
5,1327,3,81,må,False,0,NA,NA,NA,NA,NA,NA,NA,NA
5,1327,3,82,tage,False,0,NA,NA,NA,NA,NA,NA,NA,NA
5,1327,3,83,hensyn,True,1,n,5,205,205.0,205,205,205,205
5,1327,3,84,til,False,0,NA,NA,NA,NA,NA,NA,NA,NA
5,1327,3,85,"dem,",True,1,e,1,148,148.0,148,148,148,148
5,1327,3,86,der,False,0,NA,NA,NA,NA,NA,NA,NA,NA
5,1327,3,87,er,False,0,NA,NA,NA,NA,NA,NA,NA,NA
5,1327,3,88,i,False,0,NA,NA,NA,NA,NA,NA,NA,NA
5,1327,3,89,skabet...,True,1,b,3,138,138.0,138,138,138,138
5,1327,3,90,Spørgsmål:,False,0,NA,NA,NA,NA,NA,NA,NA,NA
5,1327,3,91,Mener,False,0,NA,NA,NA,NA,NA,NA,NA,NA
5,1327,3,92,taleren,False,0,NA,NA,NA,NA,NA,NA,NA,NA
5,1327,3,93,at,False,0,NA,NA,NA,NA,NA,NA,NA,NA
5,1327,3,94,kønsroller,False,0,NA,NA,NA,NA,NA,NA,NA,NA
5,1327,3,95,både,False,0,NA,NA,NA,NA,NA,NA,NA,NA
5,1327,3,96,påvirker,False,0,NA,NA,NA,NA,NA,NA,NA,NA
5,1327,3,97,hvordan,False,0,NA,NA,NA,NA,NA,NA,NA,NA
5,1327,3,98,vi,False,0,NA,NA,NA,NA,NA,NA,NA,NA
5,1327,3,99,handler,False,0,NA,NA,NA,NA,NA,NA,NA,NA
5,1327,3,100,og,False,0,NA,NA,NA,NA,NA,NA,NA,NA
5,1327,3,101,tænker?,False,0,NA,NA,NA,NA,NA,NA,NA,NA
6,1327,4,1,Når,False,0,NA,NA,NA,NA,NA,NA,NA,NA
6,1327,4,2,vi,False,0,NA,NA,NA,NA,NA,NA,NA,NA
6,1327,4,3,endelig,True,2,n,1,95,71.5,95,143,48,48
6,1327,4,4,bryder,False,0,NA,NA,NA,NA,NA,NA,NA,NA
6,1327,4,5,ud,False,0,NA,NA,NA,NA,NA,NA,NA,NA
6,1327,4,6,af,False,0,NA,NA,NA,NA,NA,NA,NA,NA
6,1327,4,7,skabet,False,0,NA,NA,NA,NA,NA,NA,NA,NA
6,1327,4,8,og,False,0,NA,NA,NA,NA,NA,NA,NA,NA
6,1327,4,9,for,False,0,NA,NA,NA,NA,NA,NA,NA,NA
6,1327,4,10,alvor,False,0,NA,NA,NA,NA,NA,NA,NA,NA
6,1327,4,11,viser,False,0,NA,NA,NA,NA,NA,NA,NA,NA
6,1327,4,12,og,False,0,NA,NA,NA,NA,NA,NA,NA,NA
6,1327,4,13,siger,False,0,NA,NA,NA,NA,NA,NA,NA,NA
6,1327,4,14,"det,",False,0,NA,NA,NA,NA,NA,NA,NA,NA
6,1327,4,15,der,False,0,NA,NA,NA,NA,NA,NA,NA,NA
6,1327,4,16,ikke,False,0,NA,NA,NA,NA,NA,NA,NA,NA
6,1327,4,17,passer,False,0,NA,NA,NA,NA,NA,NA,NA,NA
6,1327,4,18,i,False,0,NA,NA,NA,NA,NA,NA,NA,NA
6,1327,4,19,det,False,0,NA,NA,NA,NA,NA,NA,NA,NA
6,1327,4,20,normative,False,0,NA,NA,NA,NA,NA,NA,NA,NA
6,1327,4,21,"skab,",False,0,NA,NA,NA,NA,NA,NA,NA,NA
6,1327,4,22,kan,False,0,NA,NA,NA,NA,NA,NA,NA,NA
6,1327,4,23,vi,False,0,NA,NA,NA,NA,NA,NA,NA,NA
6,1327,4,24,godt,False,0,NA,NA,NA,NA,NA,NA,NA,NA
6,1327,4,25,opleve,True,1,v,4,133,133.0,133,133,133,133
6,1327,4,26,negative,False,0,NA,NA,NA,NA,NA,NA,NA,NA
6,1327,4,27,reaktioner,False,0,NA,NA,NA,NA,NA,NA,NA,NA
6,1327,4,28,–,False,0,NA,NA,NA,NA,NA,NA,NA,NA
6,1327,4,29,men,False,0,NA,NA,NA,NA,NA,NA,NA,NA
6,1327,4,30,så,False,0,NA,NA,NA,NA,NA,NA,NA,NA
6,1327,4,31,sandelig,False,0,NA,NA,NA,NA,NA,NA,NA,NA
6,1327,4,32,også,False,0,NA,NA,NA,NA,NA,NA,NA,NA
6,1327,4,33,positive,False,0,NA,NA,NA,NA,NA,NA,NA,NA
6,1327,4,34,–,False,0,NA,NA,NA,NA,NA,NA,NA,NA
6,1327,4,35,for,False,0,NA,NA,NA,NA,NA,NA,NA,NA
6,1327,4,36,vi,False,0,NA,NA,NA,NA,NA,NA,NA,NA
6,1327,4,37,er,False,0,NA,NA,NA,NA,NA,NA,NA,NA
6,1327,4,38,jo,False,0,NA,NA,NA,NA,NA,NA,NA,NA
6,1327,4,39,slet,False,0,NA,NA,NA,NA,NA,NA,NA,NA
6,1327,4,40,ikke,False,0,NA,NA,NA,NA,NA,NA,NA,NA
6,1327,4,41,alene!,False,0,NA,NA,NA,NA,NA,NA,NA,NA
7,1327,5,1,Der,False,0,NA,NA,NA,NA,NA,NA,NA,NA
7,1327,5,2,er,True,1,e,0,139,139.0,139,139,139,139
7,1327,5,3,nemlig,False,0,NA,NA,NA,NA,NA,NA,NA,NA
7,1327,5,4,andre,False,0,NA,NA,NA,NA,NA,NA,NA,NA
7,1327,5,5,som,False,0,NA,NA,NA,NA,NA,NA,NA,NA
7,1327,5,6,ligner,False,0,NA,NA,NA,NA,NA,NA,NA,NA
7,1327,5,7,os,False,0,NA,NA,NA,NA,NA,NA,NA,NA
7,1327,5,8,mere,False,0,NA,NA,NA,NA,NA,NA,NA,NA
7,1327,5,9,eller,False,0,NA,NA,NA,NA,NA,NA,NA,NA
7,1327,5,10,"mindre,",False,0,NA,NA,NA,NA,NA,NA,NA,NA
7,1327,5,11,vi,False,0,NA,NA,NA,NA,NA,NA,NA,NA
7,1327,5,12,er,False,0,NA,NA,NA,NA,NA,NA,NA,NA
7,1327,5,13,en,False,0,NA,NA,NA,NA,NA,NA,NA,NA
7,1327,5,14,broget,False,0,NA,NA,NA,NA,NA,NA,NA,NA
7,1327,5,15,og,False,0,NA,NA,NA,NA,NA,NA,NA,NA
7,1327,5,16,mangfoldig,False,0,NA,NA,NA,NA,NA,NA,NA,NA
7,1327,5,17,flok,False,0,NA,NA,NA,NA,NA,NA,NA,NA
7,1327,5,18,i,False,0,NA,NA,NA,NA,NA,NA,NA,NA
7,1327,5,19,alle,False,0,NA,NA,NA,NA,NA,NA,NA,NA
7,1327,5,20,"aldre,",False,0,NA,NA,NA,NA,NA,NA,NA,NA
7,1327,5,21,"hudfarver,",True,1,r,5,50,50.0,50,50,50,50
7,1327,5,22,kulturelle,False,0,NA,NA,NA,NA,NA,NA,NA,NA
7,1327,5,23,"baggrunde,",False,0,NA,NA,NA,NA,NA,NA,NA,NA
7,1327,5,24,med,False,0,NA,NA,NA,NA,NA,NA,NA,NA
7,1327,5,25,og,False,0,NA,NA,NA,NA,NA,NA,NA,NA
7,1327,5,26,uden,False,0,NA,NA,NA,NA,NA,NA,NA,NA
7,1327,5,27,"handicap,",False,0,NA,NA,NA,NA,NA,NA,NA,NA
7,1327,5,28,med,False,0,NA,NA,NA,NA,NA,NA,NA,NA
7,1327,5,29,og,False,0,NA,NA,NA,NA,NA,NA,NA,NA
7,1327,5,30,uden,False,0,NA,NA,NA,NA,NA,NA,NA,NA
7,1327,5,31,"tro,",False,0,NA,NA,NA,NA,NA,NA,NA,NA
7,1327,5,32,af,False,0,NA,NA,NA,NA,NA,NA,NA,NA
7,1327,5,33,forskellig,False,0,NA,NA,NA,NA,NA,NA,NA,NA
7,1327,5,34,politisk,False,0,NA,NA,NA,NA,NA,NA,NA,NA
7,1327,5,35,"overbevisning,",True,1,g,12,49,49.0,49,49,49,49
7,1327,5,36,og,False,0,NA,NA,NA,NA,NA,NA,NA,NA
7,1327,5,37,–,False,0,NA,NA,NA,NA,NA,NA,NA,NA
7,1327,5,38,vigtigst,False,0,NA,NA,NA,NA,NA,NA,NA,NA
7,1327,5,39,for,False,0,NA,NA,NA,NA,NA,NA,NA,NA
7,1327,5,40,os,False,0,NA,NA,NA,NA,NA,NA,NA,NA
7,1327,5,41,her:,False,0,NA,NA,NA,NA,NA,NA,NA,NA
7,1327,5,42,af,False,0,NA,NA,NA,NA,NA,NA,NA,NA
7,1327,5,43,flere,False,0,NA,NA,NA,NA,NA,NA,NA,NA
7,1327,5,44,forskellige,False,0,NA,NA,NA,NA,NA,NA,NA,NA
7,1327,5,45,kønsidentiteter,False,0,NA,NA,NA,NA,NA,NA,NA,NA
7,1327,5,46,og,False,0,NA,NA,NA,NA,NA,NA,NA,NA
7,1327,5,47,seksuelle,False,0,NA,NA,NA,NA,NA,NA,NA,NA
7,1327,5,48,orienteringer.,False,0,NA,NA,NA,NA,NA,NA,NA,NA
8,1327,6,1,Fælles,False,0,NA,NA,NA,NA,NA,NA,NA,NA
8,1327,6,2,for,True,1,f,0,228,228.0,228,228,228,228
8,1327,6,3,os,False,0,NA,NA,NA,NA,NA,NA,NA,NA
8,1327,6,4,"er,",False,0,NA,NA,NA,NA,NA,NA,NA,NA
8,1327,6,5,at,False,0,NA,NA,NA,NA,NA,NA,NA,NA
8,1327,6,6,vi,False,0,NA,NA,NA,NA,NA,NA,NA,NA
8,1327,6,7,er,False,0,NA,NA,NA,NA,NA,NA,NA,NA
8,1327,6,8,en,False,0,NA,NA,NA,NA,NA,NA,NA,NA
8,1327,6,9,regnbueminoritet,True,1,m,7,384,384.0,384,384,384,384
8,1327,6,10,i,False,0,NA,NA,NA,NA,NA,NA,NA,NA
8,1327,6,11,forhold,False,0,NA,NA,NA,NA,NA,NA,NA,NA
8,1327,6,12,til,False,0,NA,NA,NA,NA,NA,NA,NA,NA
8,1327,6,13,flertallets,False,0,NA,NA,NA,NA,NA,NA,NA,NA
8,1327,6,14,skab,False,0,NA,NA,NA,NA,NA,NA,NA,NA
8,1327,6,15,–,False,0,NA,NA,NA,NA,NA,NA,NA,NA
8,1327,6,16,men,False,0,NA,NA,NA,NA,NA,NA,NA,NA
8,1327,6,17,det,False,0,NA,NA,NA,NA,NA,NA,NA,NA
8,1327,6,18,betyder,False,0,NA,NA,NA,NA,NA,NA,NA,NA
8,1327,6,19,ikke,False,0,NA,NA,NA,NA,NA,NA,NA,NA
8,1327,6,20,at,False,0,NA,NA,NA,NA,NA,NA,NA,NA
8,1327,6,21,majoriteten,True,3,e,9,134,199.66666666666666,134,599,265,265
8,1327,6,22,har,False,0,NA,NA,NA,NA,NA,NA,NA,NA
8,1327,6,23,ret.,True,3,r,0,115,168.33333333333334,115,505,200,200
8,1327,6,24,Vi,False,0,NA,NA,NA,NA,NA,NA,NA,NA
8,1327,6,25,vil,False,0,NA,NA,NA,NA,NA,NA,NA,NA
8,1327,6,26,udefra,True,2,e,2,165,220.5,165,441,276,276
8,1327,6,27,informere,False,0,NA,NA,NA,NA,NA,NA,NA,NA
8,1327,6,28,"om,",True,3,",",2,137,98.0,137,294,157,157
8,1327,6,29,at,False,0,NA,NA,NA,NA,NA,NA,NA,NA
8,1327,6,30,der,False,0,NA,NA,NA,NA,NA,NA,NA,NA
8,1327,6,31,er,False,0,NA,NA,NA,NA,NA,NA,NA,NA
8,1327,6,32,andre,False,0,NA,NA,NA,NA,NA,NA,NA,NA
8,1327,6,33,måder,False,0,NA,NA,NA,NA,NA,NA,NA,NA
8,1327,6,34,at,False,0,NA,NA,NA,NA,NA,NA,NA,NA
8,1327,6,35,se,False,0,NA,NA,NA,NA,NA,NA,NA,NA
8,1327,6,36,tingene,False,0,NA,NA,NA,NA,NA,NA,NA,NA
8,1327,6,37,"på,",False,0,NA,NA,NA,NA,NA,NA,NA,NA
8,1327,6,38,tilbyde,False,0,NA,NA,NA,NA,NA,NA,NA,NA
8,1327,6,39,et,False,0,NA,NA,NA,NA,NA,NA,NA,NA
8,1327,6,40,alternativt,False,0,NA,NA,NA,NA,NA,NA,NA,NA
8,1327,6,41,syn,False,0,NA,NA,NA,NA,NA,NA,NA,NA
8,1327,6,42,på,False,0,NA,NA,NA,NA,NA,NA,NA,NA
8,1327,6,43,livet,False,0,NA,NA,NA,NA,NA,NA,NA,NA
8,1327,6,44,og,False,0,NA,NA,NA,NA,NA,NA,NA,NA
8,1327,6,45,"verden,",False,0,NA,NA,NA,NA,NA,NA,NA,NA
8,1327,6,46,som,False,0,NA,NA,NA,NA,NA,NA,NA,NA
8,1327,6,47,kan,False,0,NA,NA,NA,NA,NA,NA,NA,NA
8,1327,6,48,hjælpe,False,0,NA,NA,NA,NA,NA,NA,NA,NA
8,1327,6,49,nogle,False,0,NA,NA,NA,NA,NA,NA,NA,NA
8,1327,6,50,–,False,0,NA,NA,NA,NA,NA,NA,NA,NA
8,1327,6,51,især,False,0,NA,NA,NA,NA,NA,NA,NA,NA
8,1327,6,52,børn,False,0,NA,NA,NA,NA,NA,NA,NA,NA
8,1327,6,53,og,False,0,NA,NA,NA,NA,NA,NA,NA,NA
8,1327,6,54,unge,False,0,NA,NA,NA,NA,NA,NA,NA,NA
8,1327,6,55,–,False,0,NA,NA,NA,NA,NA,NA,NA,NA
8,1327,6,56,ud,False,0,NA,NA,NA,NA,NA,NA,NA,NA
8,1327,6,57,af,False,0,NA,NA,NA,NA,NA,NA,NA,NA
8,1327,6,58,et,False,0,NA,NA,NA,NA,NA,NA,NA,NA
8,1327,6,59,"skab,",False,0,NA,NA,NA,NA,NA,NA,NA,NA
8,1327,6,60,de,False,0,NA,NA,NA,NA,NA,NA,NA,NA
8,1327,6,61,mistrives,False,0,NA,NA,NA,NA,NA,NA,NA,NA
8,1327,6,62,i.,False,0,NA,NA,NA,NA,NA,NA,NA,NA
8,1327,6,63,Spørgsmål:,False,0,NA,NA,NA,NA,NA,NA,NA,NA
8,1327,6,64,Mener,False,0,NA,NA,NA,NA,NA,NA,NA,NA
8,1327,6,65,taleren,False,0,NA,NA,NA,NA,NA,NA,NA,NA
8,1327,6,66,at,False,0,NA,NA,NA,NA,NA,NA,NA,NA
8,1327,6,67,minoriteter,False,0,NA,NA,NA,NA,NA,NA,NA,NA
8,1327,6,68,bør,False,0,NA,NA,NA,NA,NA,NA,NA,NA
8,1327,6,69,tie,False,0,NA,NA,NA,NA,NA,NA,NA,NA
8,1327,6,70,med,False,0,NA,NA,NA,NA,NA,NA,NA,NA
8,1327,6,71,deres,False,0,NA,NA,NA,NA,NA,NA,NA,NA
8,1327,6,72,verdenssyn?,False,0,NA,NA,NA,NA,NA,NA,NA,NA
9,1327,7,1,Lad,False,0,NA,NA,NA,NA,NA,NA,NA,NA
9,1327,7,2,os,True,1,s,1,142,142.0,142,142,142,142
9,1327,7,3,brænde,False,0,NA,NA,NA,NA,NA,NA,NA,NA
9,1327,7,4,skabet,True,1,s,0,123,123.0,123,123,123,123
9,1327,7,5,med,False,0,NA,NA,NA,NA,NA,NA,NA,NA
9,1327,7,6,"normerne,",False,0,NA,NA,NA,NA,NA,NA,NA,NA
9,1327,7,7,så,False,0,NA,NA,NA,NA,NA,NA,NA,NA
9,1327,7,8,vi,False,0,NA,NA,NA,NA,NA,NA,NA,NA
9,1327,7,9,frigøres,False,0,NA,NA,NA,NA,NA,NA,NA,NA
9,1327,7,10,fra,False,0,NA,NA,NA,NA,NA,NA,NA,NA
9,1327,7,11,dem,False,0,NA,NA,NA,NA,NA,NA,NA,NA
9,1327,7,12,og,False,0,NA,NA,NA,NA,NA,NA,NA,NA
9,1327,7,13,får,False,0,NA,NA,NA,NA,NA,NA,NA,NA
9,1327,7,14,retten,False,0,NA,NA,NA,NA,NA,NA,NA,NA
9,1327,7,15,til,False,0,NA,NA,NA,NA,NA,NA,NA,NA
9,1327,7,16,at,False,0,NA,NA,NA,NA,NA,NA,NA,NA
9,1327,7,17,være,False,0,NA,NA,NA,NA,NA,NA,NA,NA
9,1327,7,18,"dem,",False,0,NA,NA,NA,NA,NA,NA,NA,NA
9,1327,7,19,vi,False,0,NA,NA,NA,NA,NA,NA,NA,NA
9,1327,7,20,faktisk,False,0,NA,NA,NA,NA,NA,NA,NA,NA
9,1327,7,21,er!,False,0,NA,NA,NA,NA,NA,NA,NA,NA
10,7946,-1,1,NY,False,0,NA,NA,NA,NA,NA,NA,NA,NA
10,7946,-1,2,TALE,True,1,A,1,145,145.0,145,145,145,145
10,7946,-1,3,BEGYNDER,True,1,B,0,123,123.0,123,123,123,123
10,7946,-1,4,NU,True,1,N,0,293,293.0,293,293,293,293
11,7946,0,1,"Godaften,",False,0,NA,NA,NA,NA,NA,NA,NA,NA
11,7946,0,2,og,False,0,NA,NA,NA,NA,NA,NA,NA,NA
11,7946,0,3,tak,False,0,NA,NA,NA,NA,NA,NA,NA,NA
11,7946,0,4,fordi,True,2,r,2,302,258.5,302,517,215,215
11,7946,0,5,jeg,False,0,NA,NA,NA,NA,NA,NA,NA,NA
11,7946,0,6,må,False,0,NA,NA,NA,NA,NA,NA,NA,NA
11,7946,0,7,komme,True,1,k,0,166,166.0,166,166,166,166
11,7946,0,8,og,False,0,NA,NA,NA,NA,NA,NA,NA,NA
11,7946,0,9,holde,True,1,h,0,151,151.0,151,151,151,151
11,7946,0,10,årets,True,1,r,1,206,206.0,206,206,206,206
11,7946,0,11,båltale.,True,1,t,3,193,193.0,193,193,193,193
11,7946,0,12,Jeg,False,0,NA,NA,NA,NA,NA,NA,NA,NA
11,7946,0,13,har,False,0,NA,NA,NA,NA,NA,NA,NA,NA
11,7946,0,14,glædet,True,1,æ,2,221,221.0,221,221,221,221
11,7946,0,15,mig,True,1,i,1,134,134.0,134,134,134,134
11,7946,0,16,til,False,0,NA,NA,NA,NA,NA,NA,NA,NA
11,7946,0,17,skulle,True,2,s,0,180,151.5,180,303,123,123
11,7946,0,18,stå,True,1,å,2,163,163.0,163,163,163,163
11,7946,0,19,her,True,1,r,2,257,257.0,257,257,257,257
11,7946,0,20,i,False,0,NA,NA,NA,NA,NA,NA,NA,NA
11,7946,0,21,aften,True,1,n,4,109,109.0,109,109,109,109
11,7946,0,22,og,False,0,NA,NA,NA,NA,NA,NA,NA,NA
11,7946,0,23,holde,True,1,h,0,138,138.0,138,138,138,138
11,7946,0,24,båltalen,True,1,a,4,278,278.0,278,278,278,278
11,7946,0,25,og,False,0,NA,NA,NA,NA,NA,NA,NA,NA
11,7946,0,26,dermed,True,1,e,4,208,208.0,208,208,208,208
11,7946,0,27,fejre,True,1,j,2,237,237.0,237,237,237,237
11,7946,0,28,midsommer,True,1,m,6,194,194.0,194,194,194,194
11,7946,0,29,eller,False,0,NA,NA,NA,NA,NA,NA,NA,NA
11,7946,0,30,Sankt,True,1,t,4,56,56.0,56,56,56,56
11,7946,0,31,Hans,False,0,NA,NA,NA,NA,NA,NA,NA,NA
11,7946,0,32,"aften,",True,1,f,1,103,103.0,103,103,103,103
11,7946,0,33,som,False,0,NA,NA,NA,NA,NA,NA,NA,NA
11,7946,0,34,det,False,0,NA,NA,NA,NA,NA,NA,NA,NA
11,7946,0,35,jo,True,1,o,1,157,157.0,157,157,157,157
11,7946,0,36,også,False,0,NA,NA,NA,NA,NA,NA,NA,NA
11,7946,0,37,"hedder,",True,1,d,3,242,242.0,242,242,242,242
11,7946,0,38,sammen,False,0,NA,NA,NA,NA,NA,NA,NA,NA
11,7946,0,39,med,True,1,m,0,165,165.0,165,165,165,165
11,7946,0,40,alle,False,0,NA,NA,NA,NA,NA,NA,NA,NA
11,7946,0,41,jer.,True,1,e,1,222,222.0,222,222,222,222
11,7946,0,42,Midsommer,True,1,e,7,191,191.0,191,191,191,191
11,7946,0,43,er,False,0,NA,NA,NA,NA,NA,NA,NA,NA
11,7946,0,44,en,False,0,NA,NA,NA,NA,NA,NA,NA,NA
11,7946,0,45,helt,False,0,NA,NA,NA,NA,NA,NA,NA,NA
11,7946,0,46,speciel,True,1,p,1,299,299.0,299,299,299,299
11,7946,0,47,tid,False,0,NA,NA,NA,NA,NA,NA,NA,NA
11,7946,0,48,for,True,1,f,0,188,188.0,188,188,188,188
11,7946,0,49,"mig,",True,1,i,1,146,146.0,146,146,146,146
11,7946,0,50,den,False,0,NA,NA,NA,NA,NA,NA,NA,NA
11,7946,0,51,er,False,0,NA,NA,NA,NA,NA,NA,NA,NA
11,7946,0,52,faktisk,True,1,i,4,94,94.0,94,94,94,94
11,7946,0,53,lige,True,1,e,3,141,141.0,141,141,141,141
11,7946,0,54,så,False,0,NA,NA,NA,NA,NA,NA,NA,NA
11,7946,0,55,vigtigt,True,2,g,5,289,206.0,289,412,123,123
11,7946,0,56,for,False,0,NA,NA,NA,NA,NA,NA,NA,NA
11,7946,0,57,mig,True,1,g,2,229,229.0,229,229,229,229
11,7946,0,58,som,False,0,NA,NA,NA,NA,NA,NA,NA,NA
11,7946,0,59,julen.,True,2,j,0,144,156.0,144,312,168,168
11,7946,0,60,For,False,0,NA,NA,NA,NA,NA,NA,NA,NA
11,7946,0,61,hvor,True,2,v,1,239,168.5,337,337,337,337
11,7946,0,62,vi,True,1,i,1,309,309.0,309,309,309,309
11,7946,0,63,ved,True,2,e,1,186,251.5,503,503,503,503
11,7946,0,64,jul,False,0,NA,NA,NA,NA,NA,NA,NA,NA
11,7946,0,65,mødes,True,2,s,4,173,218.0,436,436,436,436
11,7946,0,66,i,True,1,i,0,188,188.0,188,188,188,188
11,7946,0,67,mørket,True,3,r,2,272,223.33333333333334,272,670,398,398
11,7946,0,68,om,False,0,NA,NA,NA,NA,NA,NA,NA,NA
11,7946,0,69,de,False,0,NA,NA,NA,NA,NA,NA,NA,NA
11,7946,0,70,små,True,1,å,2,222,222.0,222,222,222,222
11,7946,0,71,lys.,True,1,.,3,67,67.0,67,67,67,67
11,7946,0,72,Så,False,0,NA,NA,NA,NA,NA,NA,NA,NA
11,7946,0,73,mødes,True,1,ø,1,178,178.0,178,178,178,178
11,7946,0,74,vi,True,1,i,1,147,147.0,147,147,147,147
11,7946,0,75,i,False,0,NA,NA,NA,NA,NA,NA,NA,NA
11,7946,0,76,aften,True,1,e,3,249,249.0,249,249,249,249
11,7946,0,77,i,False,0,NA,NA,NA,NA,NA,NA,NA,NA
11,7946,0,78,det,False,0,NA,NA,NA,NA,NA,NA,NA,NA
11,7946,0,79,lille,True,3,l,3,226,185.33333333333334,226,556,160,160
11,7946,0,80,mørke,True,1,k,3,187,187.0,187,187,187,187
11,7946,0,81,for,True,1,f,0,168,168.0,168,168,168,168
11,7946,0,82,sammen,True,3,a,1,255,200.0,255,600,199,199
11,7946,0,83,at,True,1,a,0,140,140.0,140,140,140,140
11,7946,0,84,fejre,True,1,e,4,201,201.0,201,201,201,201
11,7946,0,85,det,False,0,NA,NA,NA,NA,NA,NA,NA,NA
11,7946,0,86,helt,False,0,NA,NA,NA,NA,NA,NA,NA,NA
11,7946,0,87,store,True,1,o,2,324,324.0,324,324,324,324
11,7946,0,88,lys.,True,1,.,3,129,129.0,129,129,129,129
11,7946,0,89,"Velvidende,",True,3,n,7,290,207.66666666666666,473,623,150,150
11,7946,0,90,at,False,0,NA,NA,NA,NA,NA,NA,NA,NA
11,7946,0,91,nu,False,0,NA,NA,NA,NA,NA,NA,NA,NA
11,7946,0,92,drejer,True,3,e,4,224,174.33333333333334,430,523,430,430
11,7946,0,93,årstidshjulet,True,2,h,7,167,178.5,167,357,190,190
11,7946,0,94,en,False,0,NA,NA,NA,NA,NA,NA,NA,NA
11,7946,0,95,tak.,True,1,t,0,102,102.0,102,102,102,102
11,7946,0,96,Nu,True,1,N,0,344,344.0,344,344,344,344
11,7946,0,97,står,True,1,s,0,158,158.0,158,158,158,158
11,7946,0,98,vi,False,0,NA,NA,NA,NA,NA,NA,NA,NA
11,7946,0,99,midt,True,1,d,2,134,134.0,134,134,134,134
11,7946,0,100,i,True,1,i,0,151,151.0,151,151,151,151
11,7946,0,101,"sommeren,",False,0,NA,NA,NA,NA,NA,NA,NA,NA
11,7946,0,102,og,False,0,NA,NA,NA,NA,NA,NA,NA,NA
11,7946,0,103,vi,False,0,NA,NA,NA,NA,NA,NA,NA,NA
11,7946,0,104,går,True,1,r,2,266,266.0,266,266,266,266
11,7946,0,105,dermed,True,1,e,1,173,173.0,173,173,173,173
11,7946,0,106,...,True,1,.,0,112,112.0,112,112,112,112
11,7946,0,107,"ja,",True,1,j,0,175,175.0,175,175,175,175
11,7946,0,108,jeg,False,0,NA,NA,NA,NA,NA,NA,NA,NA
11,7946,0,109,er,True,1,e,0,219,219.0,219,219,219,219
11,7946,0,110,ked,True,1,k,0,172,172.0,172,172,172,172
11,7946,0,111,af,False,0,NA,NA,NA,NA,NA,NA,NA,NA
11,7946,0,112,at,True,2,a,0,161,170.0,340,340,340,340
11,7946,0,113,sige,False,0,NA,NA,NA,NA,NA,NA,NA,NA
11,7946,0,114,det,True,1,t,2,74,74.0,74,74,74,74
11,7946,0,115,...,False,0,NA,NA,NA,NA,NA,NA,NA,NA
11,7946,0,116,men,False,0,NA,NA,NA,NA,NA,NA,NA,NA
11,7946,0,117,vi,False,0,NA,NA,NA,NA,NA,NA,NA,NA
11,7946,0,118,går,True,1,å,1,256,256.0,256,256,256,256
11,7946,0,119,faktisk,True,1,k,6,154,154.0,154,154,154,154
11,7946,0,120,mod,False,0,NA,NA,NA,NA,NA,NA,NA,NA
11,7946,0,121,mere,False,0,NA,NA,NA,NA,NA,NA,NA,NA
11,7946,0,122,mørke,True,2,m,0,388,279.0,388,558,170,170
11,7946,0,123,tider.,False,0,NA,NA,NA,NA,NA,NA,NA,NA
12,7946,1,1,Men,False,0,NA,NA,NA,NA,NA,NA,NA,NA
12,7946,1,2,lad,True,1,d,2,221,221.0,221,221,221,221
12,7946,1,3,os,False,0,NA,NA,NA,NA,NA,NA,NA,NA
12,7946,1,4,nu,False,0,NA,NA,NA,NA,NA,NA,NA,NA
12,7946,1,5,glemme,True,1,l,1,103,103.0,103,103,103,103
12,7946,1,6,det,True,1,t,2,155,155.0,155,155,155,155
12,7946,1,7,for,False,0,NA,NA,NA,NA,NA,NA,NA,NA
12,7946,1,8,en,False,0,NA,NA,NA,NA,NA,NA,NA,NA
12,7946,1,9,stund,True,1,u,2,185,185.0,185,185,185,185
12,7946,1,10,og,False,0,NA,NA,NA,NA,NA,NA,NA,NA
12,7946,1,11,i,False,0,NA,NA,NA,NA,NA,NA,NA,NA
12,7946,1,12,stedet,True,1,t,5,100,100.0,100,100,100,100
12,7946,1,13,glæde,True,1,g,0,124,124.0,124,124,124,124
12,7946,1,14,os,False,0,NA,NA,NA,NA,NA,NA,NA,NA
12,7946,1,15,over,True,1,r,3,199,199.0,199,199,199,199
12,7946,1,16,lyset.,False,0,NA,NA,NA,NA,NA,NA,NA,NA
12,7946,1,17,Og,False,0,NA,NA,NA,NA,NA,NA,NA,NA
12,7946,1,18,lad,False,0,NA,NA,NA,NA,NA,NA,NA,NA
12,7946,1,19,os,True,1,s,1,142,142.0,142,142,142,142
12,7946,1,20,glæde,True,1,g,0,129,129.0,129,129,129,129
12,7946,1,21,os,True,1,o,0,240,240.0,240,240,240,240
12,7946,1,22,så,False,0,NA,NA,NA,NA,NA,NA,NA,NA
12,7946,1,23,"meget,",True,2,m,0,214,219.0,263,438,175,175
12,7946,1,24,at,False,0,NA,NA,NA,NA,NA,NA,NA,NA
12,7946,1,25,vi,False,0,NA,NA,NA,NA,NA,NA,NA,NA
12,7946,1,26,også,True,1,g,1,288,288.0,288,288,288,288
12,7946,1,27,her,False,0,NA,NA,NA,NA,NA,NA,NA,NA
12,7946,1,28,i,False,0,NA,NA,NA,NA,NA,NA,NA,NA
12,7946,1,29,aften,True,2,t,2,158,164.0,158,328,170,170
12,7946,1,30,tænder,True,1,r,5,161,161.0,161,161,161,161
12,7946,1,31,lys.,False,0,NA,NA,NA,NA,NA,NA,NA,NA
12,7946,1,32,Og,False,0,NA,NA,NA,NA,NA,NA,NA,NA
12,7946,1,33,hygger,True,1,r,5,358,358.0,358,358,358,358
12,7946,1,34,og,False,0,NA,NA,NA,NA,NA,NA,NA,NA
12,7946,1,35,er,False,0,NA,NA,NA,NA,NA,NA,NA,NA
12,7946,1,36,sammen.,True,2,m,2,88,174.0,88,348,260,260
12,7946,1,37,For,False,0,NA,NA,NA,NA,NA,NA,NA,NA
12,7946,1,38,når,False,0,NA,NA,NA,NA,NA,NA,NA,NA
12,7946,1,39,vi,True,1,v,0,361,361.0,361,361,361,361
12,7946,1,40,så,False,0,NA,NA,NA,NA,NA,NA,NA,NA
12,7946,1,41,vælger,True,2,g,3,207,289.0,207,578,371,371
12,7946,1,42,at,False,0,NA,NA,NA,NA,NA,NA,NA,NA
12,7946,1,43,gå,True,2,å,1,162,127.0,254,254,254,254
12,7946,1,44,ud,True,1,d,1,223,223.0,223,223,223,223
12,7946,1,45,af,True,1,a,0,138,138.0,138,138,138,138
12,7946,1,46,vore,True,2,o,1,136,177.0,354,354,354,354
12,7946,1,47,huse.,True,1,s,2,252,252.0,252,252,252,252
12,7946,1,48,Ud,True,1,d,1,137,137.0,137,137,137,137
12,7946,1,49,af,True,1,a,0,186,186.0,186,186,186,186
12,7946,1,50,vores,True,1,s,4,200,200.0,200,200,200,200
12,7946,1,51,carporte,False,0,NA,NA,NA,NA,NA,NA,NA,NA
12,7946,1,52,og,False,0,NA,NA,NA,NA,NA,NA,NA,NA
12,7946,1,53,stige,True,1,e,4,273,273.0,273,273,273,273
12,7946,1,54,ned,False,0,NA,NA,NA,NA,NA,NA,NA,NA
12,7946,1,55,fra,True,1,f,0,194,194.0,194,194,194,194
12,7946,1,56,vore,False,0,NA,NA,NA,NA,NA,NA,NA,NA
12,7946,1,57,cykler,True,1,c,0,166,166.0,166,166,166,166
12,7946,1,58,og,True,1,g,1,161,161.0,161,161,161,161
12,7946,1,59,ud,False,0,NA,NA,NA,NA,NA,NA,NA,NA
12,7946,1,60,af,False,0,NA,NA,NA,NA,NA,NA,NA,NA
12,7946,1,61,vore,True,1,r,2,484,484.0,484,484,484,484
12,7946,1,62,biler.,False,0,NA,NA,NA,NA,NA,NA,NA,NA
12,7946,1,63,For,False,0,NA,NA,NA,NA,NA,NA,NA,NA
12,7946,1,64,at,False,0,NA,NA,NA,NA,NA,NA,NA,NA
12,7946,1,65,stå,True,2,t,1,64,126.0,64,252,188,188
12,7946,1,66,her,False,0,NA,NA,NA,NA,NA,NA,NA,NA
12,7946,1,67,sammen.,True,2,a,1,220,161.5,220,323,103,103
12,7946,1,68,Er,False,0,NA,NA,NA,NA,NA,NA,NA,NA
12,7946,1,69,det,True,1,d,0,145,145.0,145,145,145,145
12,7946,1,70,vel,True,1,e,1,142,142.0,142,142,142,142
12,7946,1,71,egentlig,True,1,l,5,194,194.0,194,194,194,194
12,7946,1,72,"også,",False,0,NA,NA,NA,NA,NA,NA,NA,NA
12,7946,1,73,fordi,True,1,f,0,185,185.0,185,185,185,185
12,7946,1,74,vi,False,0,NA,NA,NA,NA,NA,NA,NA,NA
12,7946,1,75,ønsker,True,1,s,2,493,493.0,493,493,493,493
12,7946,1,76,at,False,0,NA,NA,NA,NA,NA,NA,NA,NA
12,7946,1,77,dele,False,0,NA,NA,NA,NA,NA,NA,NA,NA
12,7946,1,78,denne,True,2,d,0,85,117.5,235,235,235,235
12,7946,1,79,begejstring,True,2,b,0,162,152.0,162,304,142,142
12,7946,1,80,for,False,0,NA,NA,NA,NA,NA,NA,NA,NA
12,7946,1,81,lyset,True,1,s,2,160,160.0,160,160,160,160
12,7946,1,82,med,True,1,e,1,214,214.0,214,214,214,214
12,7946,1,83,hinanden.,False,0,NA,NA,NA,NA,NA,NA,NA,NA
12,7946,1,84,For,False,0,NA,NA,NA,NA,NA,NA,NA,NA
12,7946,1,85,hver,True,2,h,0,185,145.0,185,290,105,105
12,7946,1,86,eneste,True,1,n,1,204,204.0,204,204,204,204
12,7946,1,87,af,True,1,f,1,112,112.0,112,112,112,112
12,7946,1,88,jer.,True,1,j,0,207,207.0,207,207,207,207
12,7946,1,89,Er,False,0,NA,NA,NA,NA,NA,NA,NA,NA
12,7946,1,90,der,True,2,e,1,174,173.0,174,346,172,172
12,7946,1,91,"noget,",True,3,e,3,152,225.66666666666666,547,677,547,547
12,7946,1,92,der,False,0,NA,NA,NA,NA,NA,NA,NA,NA
12,7946,1,93,"gør,",True,4,r,2,87,269.25,698,1077,267,267
12,7946,1,94,at,False,0,NA,NA,NA,NA,NA,NA,NA,NA
12,7946,1,95,I,True,1,I,0,219,219.0,219,219,219,219
12,7946,1,96,ikke,True,5,e,3,179,173.6,467,868,303,303
12,7946,1,97,"synes,",True,3,s,4,164,191.66666666666666,164,575,253,253
12,7946,1,98,det,True,1,d,0,135,135.0,135,135,135,135
12,7946,1,99,er,True,1,e,0,278,278.0,278,278,278,278
12,7946,1,100,nok,True,2,k,2,260,253.0,260,506,246,246
12,7946,1,101,bare,True,3,r,2,112,246.66666666666666,112,740,628,628
12,7946,1,102,at,True,2,a,0,31,159.0,31,318,287,287
12,7946,1,103,tænde,True,2,t,0,220,176.0,220,352,132,132
12,7946,1,104,et,True,1,e,0,233,233.0,233,233,233,233
12,7946,1,105,fyrfadslys,True,3,s,9,119,182.33333333333334,119,547,246,246
12,7946,1,106,og,True,1,o,0,107,107.0,107,107,107,107
12,7946,1,107,passe,True,1,s,2,199,199.0,199,199,199,199
12,7946,1,108,parcellen.,True,2,c,3,204,174.5,349,349,349,349
13,7946,2,1,"Nej,",True,1,",",3,162,162.0,162,162,162,162
13,7946,2,2,både,True,2,e,3,93,119.5,239,239,239,239
13,7946,2,3,I,True,1,I,0,150,150.0,150,150,150,150
13,7946,2,4,børn,False,0,NA,NA,NA,NA,NA,NA,NA,NA
13,7946,2,5,og,True,3,g,1,55,131.33333333333334,180,394,214,214
13,7946,2,6,I,False,0,NA,NA,NA,NA,NA,NA,NA,NA
13,7946,2,7,voksne,True,3,s,3,218,151.33333333333334,316,454,138,138
13,7946,2,8,har,True,1,r,2,224,224.0,224,224,224,224
13,7946,2,9,søgt,True,2,g,2,160,144.0,160,288,128,128
13,7946,2,10,mod,True,1,m,0,174,174.0,174,174,174,174
13,7946,2,11,det,False,0,NA,NA,NA,NA,NA,NA,NA,NA
13,7946,2,12,her,True,1,h,0,112,112.0,112,112,112,112
13,7946,2,13,fælleskab.,True,1,æ,1,197,197.0,197,197,197,197
13,7946,2,14,Og,False,0,NA,NA,NA,NA,NA,NA,NA,NA
13,7946,2,15,hvorfor,True,1,r,6,66,66.0,66,66,66,66
13,7946,2,16,gør,True,1,r,2,218,218.0,218,218,218,218
13,7946,2,17,vi,False,0,NA,NA,NA,NA,NA,NA,NA,NA
13,7946,2,18,egentlig,True,2,i,6,223,247.5,223,495,272,272
13,7946,2,19,det,False,0,NA,NA,NA,NA,NA,NA,NA,NA
13,7946,2,20,som,True,2,o,1,283,235.5,283,471,188,188
13,7946,2,21,moderne,True,1,r,4,194,194.0,194,194,194,194
13,7946,2,22,mennesker,True,1,e,1,135,135.0,135,135,135,135
13,7946,2,23,midt,False,0,NA,NA,NA,NA,NA,NA,NA,NA
13,7946,2,24,i,True,1,i,0,293,293.0,293,293,293,293
13,7946,2,25,en,False,0,NA,NA,NA,NA,NA,NA,NA,NA
13,7946,2,26,online,True,1,l,2,145,145.0,145,145,145,145
13,7946,2,27,tid?,True,1,t,0,190,190.0,190,190,190,190
13,7946,2,28,Jamen,False,0,NA,NA,NA,NA,NA,NA,NA,NA
13,7946,2,29,så,True,1,å,1,274,274.0,274,274,274,274
13,7946,2,30,er,False,0,NA,NA,NA,NA,NA,NA,NA,NA
13,7946,2,31,det,False,0,NA,NA,NA,NA,NA,NA,NA,NA
13,7946,2,32,vel,True,1,l,2,342,342.0,342,342,342,342
13,7946,2,33,fordi,True,1,i,4,159,159.0,159,159,159,159
13,7946,2,34,–,False,0,NA,NA,NA,NA,NA,NA,NA,NA
13,7946,2,35,og,False,0,NA,NA,NA,NA,NA,NA,NA,NA
13,7946,2,36,pardon,True,1,o,4,264,264.0,264,264,264,264
13,7946,2,37,my,False,0,NA,NA,NA,NA,NA,NA,NA,NA
13,7946,2,38,french,True,1,n,3,166,166.0,166,166,166,166
13,7946,2,39,–,False,0,NA,NA,NA,NA,NA,NA,NA,NA
13,7946,2,40,at,False,0,NA,NA,NA,NA,NA,NA,NA,NA
13,7946,2,41,det,True,1,t,2,178,178.0,178,178,178,178
13,7946,2,42,sgu,True,1,u,2,197,197.0,197,197,197,197
13,7946,2,43,ikke,False,0,NA,NA,NA,NA,NA,NA,NA,NA
13,7946,2,44,bare,True,2,b,0,165,205.0,165,410,245,245
13,7946,2,45,er,True,1,r,1,114,114.0,114,114,114,114
13,7946,2,46,noget,False,0,NA,NA,NA,NA,NA,NA,NA,NA
13,7946,2,47,middelalderligt,True,2,a,6,211,193.5,211,387,176,176
13,7946,2,48,pjat,False,0,NA,NA,NA,NA,NA,NA,NA,NA
13,7946,2,49,med,True,1,d,2,345,345.0,345,345,345,345
13,7946,2,50,hekse,False,0,NA,NA,NA,NA,NA,NA,NA,NA
13,7946,2,51,og,False,0,NA,NA,NA,NA,NA,NA,NA,NA
13,7946,2,52,helgener.,True,1,n,5,135,135.0,135,135,135,135
13,7946,2,53,Eller,False,0,NA,NA,NA,NA,NA,NA,NA,NA
13,7946,2,54,vikingetidens,True,3,g,5,89,159.66666666666666,89,479,244,244
13,7946,2,55,Frejakult.,True,1,u,6,374,374.0,374,374,374,374
13,7946,2,56,Så,False,0,NA,NA,NA,NA,NA,NA,NA,NA
13,7946,2,57,er,True,1,r,1,175,175.0,175,175,175,175
13,7946,2,58,"det,",False,0,NA,NA,NA,NA,NA,NA,NA,NA
13,7946,2,59,fordi,True,1,d,3,214,214.0,214,214,214,214
13,7946,2,60,det,False,0,NA,NA,NA,NA,NA,NA,NA,NA
13,7946,2,61,giver,False,0,NA,NA,NA,NA,NA,NA,NA,NA
13,7946,2,62,mening.,True,1,e,1,201,201.0,201,201,201,201
13,7946,2,63,Så,False,0,NA,NA,NA,NA,NA,NA,NA,NA
13,7946,2,64,vil,True,1,l,2,144,144.0,144,144,144,144
13,7946,2,65,jeg,False,0,NA,NA,NA,NA,NA,NA,NA,NA
13,7946,2,66,gætte,True,2,g,0,175,163.5,175,327,152,152
13,7946,2,67,"på,",True,1,",",2,155,155.0,155,155,155,155
13,7946,2,68,at,False,0,NA,NA,NA,NA,NA,NA,NA,NA
13,7946,2,69,I,False,0,NA,NA,NA,NA,NA,NA,NA,NA
13,7946,2,70,er,False,0,NA,NA,NA,NA,NA,NA,NA,NA
13,7946,2,71,"kommet,",True,2,o,1,335,204.0,335,408,73,73
13,7946,2,72,fordi,True,1,i,4,109,109.0,109,109,109,109
13,7946,2,73,midsommerfælleskabet,True,1,m,6,254,254.0,254,254,254,254
13,7946,2,74,og,False,0,NA,NA,NA,NA,NA,NA,NA,NA
13,7946,2,75,det,True,1,t,2,167,167.0,167,167,167,167
13,7946,2,76,store,True,1,e,4,170,170.0,170,170,170,170
13,7946,2,77,bål,False,0,NA,NA,NA,NA,NA,NA,NA,NA
13,7946,2,78,på,False,0,NA,NA,NA,NA,NA,NA,NA,NA
13,7946,2,79,en,True,1,e,0,151,151.0,151,151,151,151
13,7946,2,80,eller,False,0,NA,NA,NA,NA,NA,NA,NA,NA
13,7946,2,81,anden,False,0,NA,NA,NA,NA,NA,NA,NA,NA
13,7946,2,82,måde,True,1,å,1,222,222.0,222,222,222,222
13,7946,2,83,siger,True,1,r,4,86,86.0,86,86,86,86
13,7946,2,84,noget,True,1,e,3,177,177.0,177,177,177,177
13,7946,2,85,for,False,0,NA,NA,NA,NA,NA,NA,NA,NA
13,7946,2,86,"jer,",True,2,",",3,49,89.0,49,178,129,129
13,7946,2,87,ligesom,False,0,NA,NA,NA,NA,NA,NA,NA,NA
13,7946,2,88,det,True,1,t,2,397,397.0,397,397,397,397
13,7946,2,89,siger,False,0,NA,NA,NA,NA,NA,NA,NA,NA
13,7946,2,90,mig,False,0,NA,NA,NA,NA,NA,NA,NA,NA
13,7946,2,91,noget.,False,0,NA,NA,NA,NA,NA,NA,NA,NA
14,7946,3,1,At,False,0,NA,NA,NA,NA,NA,NA,NA,NA
14,7946,3,2,stå,True,2,å,2,130,135.5,130,271,141,141
14,7946,3,3,her,True,1,h,0,152,152.0,152,152,152,152
14,7946,3,4,i,False,0,NA,NA,NA,NA,NA,NA,NA,NA
14,7946,3,5,midsommernatten.,True,2,s,3,70,117.0,70,234,164,164
14,7946,3,6,Og,False,0,NA,NA,NA,NA,NA,NA,NA,NA
14,7946,3,7,være,True,1,e,3,336,336.0,336,336,336,336
14,7946,3,8,fælles.,True,1,l,3,184,184.0,184,184,184,184
14,7946,3,9,Om,False,0,NA,NA,NA,NA,NA,NA,NA,NA
14,7946,3,10,lyset.,True,2,e,3,254,202.5,254,405,151,151
14,7946,3,11,Om,False,0,NA,NA,NA,NA,NA,NA,NA,NA
14,7946,3,12,varmen.,True,1,m,3,293,293.0,293,293,293,293
14,7946,3,13,Om,False,0,NA,NA,NA,NA,NA,NA,NA,NA
14,7946,3,14,sundet,True,1,e,4,211,211.0,211,211,211,211
14,7946,3,15,og,False,0,NA,NA,NA,NA,NA,NA,NA,NA
14,7946,3,16,Kronborg.,True,2,o,5,139,129.0,139,258,119,119
14,7946,3,17,Om,True,1,m,1,121,121.0,121,121,121,121
14,7946,3,18,fællesskabet.,True,2,a,8,239,189.0,239,378,139,139
14,7946,3,19,Selv,True,1,v,3,172,172.0,172,172,172,172
14,7946,3,20,med,False,0,NA,NA,NA,NA,NA,NA,NA,NA
14,7946,3,21,svenskerne,True,6,s,0,145,174.33333333333334,145,1046,486,486
14,7946,3,22,derovre,True,6,d,0,260,199.5,549,1197,549,549
14,7946,3,23,på,True,2,å,1,288,252.5,288,505,217,217
14,7946,3,24,den,True,1,d,0,188,188.0,188,188,188,188
14,7946,3,25,anden,False,0,NA,NA,NA,NA,NA,NA,NA,NA
14,7946,3,26,side.,True,1,s,0,94,94.0,94,94,94,94
14,7946,3,27,Fælles,True,1,F,0,141,141.0,141,141,141,141
14,7946,3,28,om,True,1,m,1,294,294.0,294,294,294,294
14,7946,3,29,ilden.,True,1,n,4,231,231.0,231,231,231,231
14,7946,3,30,Om,False,0,NA,NA,NA,NA,NA,NA,NA,NA
14,7946,3,31,jorden,True,1,n,5,336,336.0,336,336,336,336
14,7946,3,32,og,False,0,NA,NA,NA,NA,NA,NA,NA,NA
14,7946,3,33,"havet,",True,1,t,4,150,150.0,150,150,150,150
14,7946,3,34,der,False,0,NA,NA,NA,NA,NA,NA,NA,NA
14,7946,3,35,omgiver,True,1,e,5,186,186.0,186,186,186,186
14,7946,3,36,vores,False,0,NA,NA,NA,NA,NA,NA,NA,NA
14,7946,3,37,lille,False,0,NA,NA,NA,NA,NA,NA,NA,NA
14,7946,3,38,ø,True,1,ø,0,280,280.0,280,280,280,280
14,7946,3,39,Sjælland.,True,1,a,5,123,123.0,123,123,123,123
14,7946,3,40,Om,False,0,NA,NA,NA,NA,NA,NA,NA,NA
14,7946,3,41,dyrene,True,2,d,0,173,135.0,173,270,97,97
14,7946,3,42,og,False,0,NA,NA,NA,NA,NA,NA,NA,NA
14,7946,3,43,hinanden.,True,1,h,0,170,170.0,170,170,170,170
14,7946,3,44,Fælles,True,1,s,5,257,257.0,257,257,257,257
14,7946,3,45,om,True,1,o,0,267,267.0,267,267,267,267
14,7946,3,46,fred,True,1,d,3,194,194.0,194,194,194,194
14,7946,3,47,og,False,0,NA,NA,NA,NA,NA,NA,NA,NA
14,7946,3,48,de,True,1,d,0,163,163.0,163,163,163,163
14,7946,3,49,elementer,True,4,t,6,175,163.0,175,652,295,295
14,7946,3,50,og,False,0,NA,NA,NA,NA,NA,NA,NA,NA
14,7946,3,51,"mineraler,",True,1,e,3,183,183.0,183,183,183,183
14,7946,3,52,der,True,2,d,0,119,139.5,119,279,160,160
14,7946,3,53,forbinder,True,1,r,8,167,167.0,167,167,167,167
14,7946,3,54,os.,False,0,NA,NA,NA,NA,NA,NA,NA,NA
14,7946,3,55,Om,False,0,NA,NA,NA,NA,NA,NA,NA,NA
14,7946,3,56,"kvantepartiklerne,",True,3,a,7,121,130.33333333333334,121,391,139,139
14,7946,3,57,som,False,0,NA,NA,NA,NA,NA,NA,NA,NA
14,7946,3,58,er,False,0,NA,NA,NA,NA,NA,NA,NA,NA
14,7946,3,59,inden,True,1,d,2,256,256.0,256,256,256,256
14,7946,3,60,i,False,0,NA,NA,NA,NA,NA,NA,NA,NA
14,7946,3,61,os,False,0,NA,NA,NA,NA,NA,NA,NA,NA
14,7946,3,62,og,True,1,g,1,200,200.0,200,200,200,200
14,7946,3,63,millioner,True,2,r,8,231,176.5,231,353,122,122
14,7946,3,64,af,False,0,NA,NA,NA,NA,NA,NA,NA,NA
14,7946,3,65,kilometer,True,1,r,8,228,228.0,228,228,228,228
14,7946,3,66,"væk,",False,0,NA,NA,NA,NA,NA,NA,NA,NA
14,7946,3,67,og,False,0,NA,NA,NA,NA,NA,NA,NA,NA
14,7946,3,68,dog,True,1,g,2,304,304.0,304,304,304,304
14,7946,3,69,er,False,0,NA,NA,NA,NA,NA,NA,NA,NA
14,7946,3,70,forbundne.,True,1,n,7,120,120.0,120,120,120,120
14,7946,3,71,Om,False,0,NA,NA,NA,NA,NA,NA,NA,NA
14,7946,3,72,"demokratiet,",True,2,t,7,142,159.5,142,319,177,177
14,7946,3,73,som,False,0,NA,NA,NA,NA,NA,NA,NA,NA
14,7946,3,74,vi,False,0,NA,NA,NA,NA,NA,NA,NA,NA
14,7946,3,75,netop,True,2,o,3,220,202.5,220,405,185,185
14,7946,3,76,igen,True,4,n,3,146,149.25,258,597,258,258
14,7946,3,77,for,True,1,r,2,246,246.0,246,246,246,246
14,7946,3,78,få,True,1,f,0,204,204.0,204,204,204,204
14,7946,3,79,uger,True,2,r,3,154,171.0,154,342,188,188
14,7946,3,80,siden,True,1,n,4,150,150.0,150,150,150,150
14,7946,3,81,har,False,0,NA,NA,NA,NA,NA,NA,NA,NA
14,7946,3,82,"fejret,",True,2,e,1,403,278.0,403,556,153,153
14,7946,3,83,uanset,True,2,s,3,81,91.0,81,182,101,101
14,7946,3,84,om,False,0,NA,NA,NA,NA,NA,NA,NA,NA
14,7946,3,85,vi,False,0,NA,NA,NA,NA,NA,NA,NA,NA
14,7946,3,86,er,True,1,e,0,151,151.0,151,151,151,151
14,7946,3,87,tilfredse,True,1,f,3,115,115.0,115,115,115,115
14,7946,3,88,med,True,1,m,0,126,126.0,126,126,126,126
14,7946,3,89,udfaldet,False,0,NA,NA,NA,NA,NA,NA,NA,NA
14,7946,3,90,eller,True,1,e,0,346,346.0,346,346,346,346
14,7946,3,91,ej.,False,0,NA,NA,NA,NA,NA,NA,NA,NA
14,7946,3,92,Fælles,True,1,s,5,166,166.0,166,166,166,166
14,7946,3,93,om,True,1,o,0,364,364.0,364,364,364,364
14,7946,3,94,vor,True,1,o,1,177,177.0,177,177,177,177
14,7946,3,95,historie.,True,5,o,4,182,205.8,182,1029,326,326
14,7946,3,96,Som,False,0,NA,NA,NA,NA,NA,NA,NA,NA
14,7946,3,97,vore,True,1,r,2,220,220.0,220,220,220,220
14,7946,3,98,forfædre,True,2,f,0,154,166.0,154,332,178,178
14,7946,3,99,har,False,0,NA,NA,NA,NA,NA,NA,NA,NA
14,7946,3,100,bygget,True,1,t,5,175,175.0,175,175,175,175
14,7946,3,101,til,False,0,NA,NA,NA,NA,NA,NA,NA,NA
14,7946,3,102,os.,False,0,NA,NA,NA,NA,NA,NA,NA,NA
14,7946,3,103,I,False,0,NA,NA,NA,NA,NA,NA,NA,NA
14,7946,3,104,form,True,1,o,1,153,153.0,153,153,153,153
14,7946,3,105,af,False,0,NA,NA,NA,NA,NA,NA,NA,NA
14,7946,3,106,murstene,True,1,e,5,280,280.0,280,280,280,280
14,7946,3,107,som,True,1,s,0,73,73.0,73,73,73,73
14,7946,3,108,slottet,True,1,t,4,213,213.0,213,213,213,213
14,7946,3,109,bagved,True,2,b,0,167,158.5,167,317,150,150
14,7946,3,110,mig.,True,1,g,2,111,111.0,111,111,111,111
14,7946,3,111,Hvor,True,1,r,3,174,174.0,174,174,174,174
14,7946,3,112,en,False,0,NA,NA,NA,NA,NA,NA,NA,NA
14,7946,3,113,konge,True,1,g,3,144,144.0,144,144,144,144
14,7946,3,114,ved,False,0,NA,NA,NA,NA,NA,NA,NA,NA
14,7946,3,115,navn,True,1,v,2,202,202.0,202,202,202,202
14,7946,3,116,Christian,True,2,r,2,177,202.5,177,405,228,228
14,7946,3,117,holdt,True,1,o,1,118,118.0,118,118,118,118
14,7946,3,118,sin,True,2,i,1,147,167.0,147,334,187,187
14,7946,3,119,kroningsfest.,True,5,k,0,93,190.0,93,950,236,236
14,7946,3,120,Spørgsmål:,False,0,NA,NA,NA,NA,NA,NA,NA,NA
14,7946,3,121,Bliver,False,0,NA,NA,NA,NA,NA,NA,NA,NA
14,7946,3,122,denne,False,0,NA,NA,NA,NA,NA,NA,NA,NA
14,7946,3,123,tale,False,0,NA,NA,NA,NA,NA,NA,NA,NA
14,7946,3,124,holdt,False,0,NA,NA,NA,NA,NA,NA,NA,NA
14,7946,3,125,på,False,0,NA,NA,NA,NA,NA,NA,NA,NA
14,7946,3,126,Frederiksborg,False,0,NA,NA,NA,NA,NA,NA,NA,NA
14,7946,3,127,Slot?,False,0,NA,NA,NA,NA,NA,NA,NA,NA
15,7946,4,1,Og,False,0,NA,NA,NA,NA,NA,NA,NA,NA
15,7946,4,2,en,True,1,e,0,147,147.0,147,147,147,147
15,7946,4,3,flok,False,0,NA,NA,NA,NA,NA,NA,NA,NA
15,7946,4,4,engelske,True,3,l,4,204,240.33333333333334,425,721,296,296
15,7946,4,5,skuespillere,True,1,k,1,162,162.0,162,162,162,162
15,7946,4,6,optrådte,True,1,å,4,333,333.0,333,333,333,333
15,7946,4,7,og,False,0,NA,NA,NA,NA,NA,NA,NA,NA
15,7946,4,8,fortalte,True,4,t,3,184,177.5,345,710,345,345
15,7946,4,9,om,True,3,o,0,236,204.0,236,612,376,376
15,7946,4,10,"derhjemme,",True,1,m,7,87,87.0,87,87,87,87
15,7946,4,11,som,False,0,NA,NA,NA,NA,NA,NA,NA,NA
15,7946,4,12,blandet,True,5,d,4,338,225.4,507,1127,426,426
15,7946,4,13,med,True,1,m,0,164,164.0,164,164,164,164
15,7946,4,14,Saxos,True,2,a,1,162,190.5,381,381,381,381
15,7946,4,15,fortællinger,True,2,æ,4,203,197.0,203,394,191,191
15,7946,4,16,om,True,1,m,1,178,178.0,178,178,178,178
15,7946,4,17,en,False,0,NA,NA,NA,NA,NA,NA,NA,NA
15,7946,4,18,dansk,True,2,a,1,25,114.5,25,229,204,204
15,7946,4,19,"prins,",True,2,r,1,292,193.0,386,386,386,386
15,7946,4,20,et,True,1,t,1,153,153.0,153,153,153,153
15,7946,4,21,engelsk,True,2,e,3,300,249.5,300,499,199,199
15,7946,4,22,hævndrama,True,2,a,6,191,274.5,191,549,358,358
15,7946,4,23,om,False,0,NA,NA,NA,NA,NA,NA,NA,NA
15,7946,4,24,en,False,0,NA,NA,NA,NA,NA,NA,NA,NA
15,7946,4,25,spansk,True,2,k,5,84,157.0,84,314,230,230
15,7946,4,26,"tragedie,",True,2,t,0,124,170.0,340,340,340,340
15,7946,4,27,og,False,0,NA,NA,NA,NA,NA,NA,NA,NA
15,7946,4,28,en,False,0,NA,NA,NA,NA,NA,NA,NA,NA
15,7946,4,29,vis,True,1,v,0,245,245.0,245,245,245,245
15,7946,4,30,forfatters,True,2,o,1,250,239.0,250,478,228,228
15,7946,4,31,søns,True,1,n,2,175,175.0,175,175,175,175
15,7946,4,32,og,False,0,NA,NA,NA,NA,NA,NA,NA,NA
15,7946,4,33,faders,True,1,e,3,162,162.0,162,162,162,162
15,7946,4,34,død,False,0,NA,NA,NA,NA,NA,NA,NA,NA
15,7946,4,35,blev,True,1,b,0,205,205.0,205,205,205,205
15,7946,4,36,til,True,2,i,1,175,173.5,347,347,347,347
15,7946,4,37,en,True,1,n,1,137,137.0,137,137,137,137
15,7946,4,38,af,True,1,a,0,111,111.0,111,111,111,111
15,7946,4,39,de,False,0,NA,NA,NA,NA,NA,NA,NA,NA
15,7946,4,40,største,True,2,ø,2,225,175.0,225,350,125,125
15,7946,4,41,fortællinger,False,0,NA,NA,NA,NA,NA,NA,NA,NA
15,7946,4,42,om,False,0,NA,NA,NA,NA,NA,NA,NA,NA
15,7946,4,43,os,True,1,s,1,117,117.0,117,117,117,117
15,7946,4,44,"nogensinde,",True,1,g,2,197,197.0,197,197,197,197
15,7946,4,45,ikke,False,0,NA,NA,NA,NA,NA,NA,NA,NA
15,7946,4,46,bare,True,1,b,0,232,232.0,232,232,232,232
15,7946,4,47,som,True,2,m,2,166,194.0,388,388,388,388
15,7946,4,48,"danskere,",True,4,k,4,233,170.75,349,683,55,55
15,7946,4,49,men,False,0,NA,NA,NA,NA,NA,NA,NA,NA
15,7946,4,50,som,True,1,s,0,202,202.0,202,202,202,202
15,7946,4,51,"mennesker,",True,2,k,6,108,122.0,108,244,136,136
15,7946,4,52,om,False,0,NA,NA,NA,NA,NA,NA,NA,NA
15,7946,4,53,hvad,True,1,v,1,411,411.0,411,411,411,411
15,7946,4,54,det,True,1,e,1,196,196.0,196,196,196,196
15,7946,4,55,er,False,0,NA,NA,NA,NA,NA,NA,NA,NA
15,7946,4,56,at,True,1,t,1,241,241.0,241,241,241,241
15,7946,4,57,være,True,1,e,3,142,142.0,142,142,142,142
15,7946,4,58,"menneske,",True,1,n,2,94,94.0,94,94,94,94
15,7946,4,59,på,False,0,NA,NA,NA,NA,NA,NA,NA,NA
15,7946,4,60,trods,True,1,s,4,89,89.0,89,89,89,89
15,7946,4,61,af,False,0,NA,NA,NA,NA,NA,NA,NA,NA
15,7946,4,62,at,True,1,a,0,117,117.0,117,117,117,117
15,7946,4,63,forfatteren,True,1,r,8,204,204.0,204,204,204,204
15,7946,4,64,efter,False,0,NA,NA,NA,NA,NA,NA,NA,NA
15,7946,4,65,sigende,True,3,n,4,230,200.66666666666666,230,602,134,134
15,7946,4,66,aldrig,True,2,g,5,244,178.0,244,356,112,112
15,7946,4,67,selv,False,0,NA,NA,NA,NA,NA,NA,NA,NA
15,7946,4,68,befandt,True,2,b,0,360,274.0,360,548,188,188
15,7946,4,69,sig,False,0,NA,NA,NA,NA,NA,NA,NA,NA
15,7946,4,70,på,True,1,å,1,165,165.0,165,165,165,165
15,7946,4,71,denne,True,1,e,4,189,189.0,189,189,189,189
15,7946,4,72,kyst.,False,0,NA,NA,NA,NA,NA,NA,NA,NA
15,7946,4,73,Fælles,True,2,e,4,285,223.5,447,447,447,447
15,7946,4,74,er,False,0,NA,NA,NA,NA,NA,NA,NA,NA
15,7946,4,75,vi,True,1,v,0,163,163.0,163,163,163,163
15,7946,4,76,også,True,1,s,2,86,86.0,86,86,86,86
15,7946,4,77,om,True,2,m,1,152,126.0,152,252,100,100
15,7946,4,78,de,False,0,NA,NA,NA,NA,NA,NA,NA,NA
15,7946,4,79,"fortællinger,",True,4,f,0,159,172.5,286,690,194,194
15,7946,4,80,der,False,0,NA,NA,NA,NA,NA,NA,NA,NA
15,7946,4,81,har,False,0,NA,NA,NA,NA,NA,NA,NA,NA
15,7946,4,82,skabt,True,1,b,3,250,250.0,250,250,250,250
15,7946,4,83,denne,False,0,NA,NA,NA,NA,NA,NA,NA,NA
15,7946,4,84,aften.,False,0,NA,NA,NA,NA,NA,NA,NA,NA
15,7946,4,85,Om,True,1,m,1,178,178.0,178,178,178,178
15,7946,4,86,"Lysfester,",True,2,e,7,156,200.0,156,400,244,244
15,7946,4,87,der,False,0,NA,NA,NA,NA,NA,NA,NA,NA
15,7946,4,88,skulle,False,0,NA,NA,NA,NA,NA,NA,NA,NA
15,7946,4,89,holde,True,1,o,1,247,247.0,247,247,247,247
15,7946,4,90,ondskaben,True,2,e,7,262,162.0,262,324,62,62
15,7946,4,91,ude.,False,0,NA,NA,NA,NA,NA,NA,NA,NA
15,7946,4,92,Om,False,0,NA,NA,NA,NA,NA,NA,NA,NA
15,7946,4,93,trolde,True,2,o,2,434,291.5,434,583,149,149
15,7946,4,94,og,False,0,NA,NA,NA,NA,NA,NA,NA,NA
15,7946,4,95,"hekse,",True,4,e,1,212,214.0,212,856,183,183
15,7946,4,96,dæmoner.,True,3,n,4,173,109.0,173,327,34,34
16,7946,5,1,"Solhversfesten,",True,2,e,9,68,161.0,68,322,254,254
16,7946,5,2,der,False,0,NA,NA,NA,NA,NA,NA,NA,NA
16,7946,5,3,overtog,True,2,r,3,137,141.5,137,283,146,146
16,7946,5,4,Valborgsnatten.,True,2,r,5,170,153.0,170,306,136,136
16,7946,5,5,Hvor,False,0,NA,NA,NA,NA,NA,NA,NA,NA
16,7946,5,6,mænd,True,1,n,2,188,188.0,188,188,188,188
16,7946,5,7,og,False,0,NA,NA,NA,NA,NA,NA,NA,NA
16,7946,5,8,kvinder,True,1,r,6,221,221.0,221,221,221,221
16,7946,5,9,drak,False,0,NA,NA,NA,NA,NA,NA,NA,NA
16,7946,5,10,snaps,True,1,n,1,176,176.0,176,176,176,176
16,7946,5,11,til,False,0,NA,NA,NA,NA,NA,NA,NA,NA
16,7946,5,12,de,False,0,NA,NA,NA,NA,NA,NA,NA,NA
16,7946,5,13,segnede.,True,1,g,2,258,258.0,258,258,258,258
16,7946,5,14,Og,False,0,NA,NA,NA,NA,NA,NA,NA,NA
16,7946,5,15,de,True,1,d,0,133,133.0,133,133,133,133
16,7946,5,16,unger,True,2,e,3,139,164.5,329,329,329,329
16,7946,5,17,piger,True,2,r,4,139,136.5,139,273,134,134
16,7946,5,18,skulle,True,1,l,3,98,98.0,98,98,98,98
16,7946,5,19,vogte,True,3,g,2,241,257.0,241,771,259,259
16,7946,5,20,sig,True,1,g,2,326,326.0,326,326,326,326
16,7946,5,21,for,False,0,NA,NA,NA,NA,NA,NA,NA,NA
16,7946,5,22,Sankthansormen.,True,4,k,3,105,118.75,105,475,148,148
16,7946,5,23,For,True,1,r,2,189,189.0,189,189,189,189
16,7946,5,24,den,False,0,NA,NA,NA,NA,NA,NA,NA,NA
16,7946,5,25,kunne,True,2,k,0,266,218.0,266,436,170,170
16,7946,5,26,man,False,0,NA,NA,NA,NA,NA,NA,NA,NA
16,7946,5,27,nemlig,True,3,n,0,215,227.33333333333334,215,682,467,467
16,7946,5,28,blive,False,0,NA,NA,NA,NA,NA,NA,NA,NA
16,7946,5,29,gravid,True,2,g,0,217,151.0,217,302,85,85
16,7946,5,30,af.,False,0,NA,NA,NA,NA,NA,NA,NA,NA
16,7946,5,31,Fælles,True,2,F,0,142,179.0,142,358,216,216
16,7946,5,32,er,True,2,e,0,203,158.5,203,317,114,114
16,7946,5,33,vi,False,0,NA,NA,NA,NA,NA,NA,NA,NA
16,7946,5,34,også,True,1,o,0,306,306.0,306,306,306,306
16,7946,5,35,om,True,2,m,1,119,235.5,119,471,352,352
16,7946,5,36,den,False,0,NA,NA,NA,NA,NA,NA,NA,NA
16,7946,5,37,rensende,True,1,e,4,226,226.0,226,226,226,226
16,7946,5,38,"ild,",True,1,l,1,156,156.0,156,156,156,156
16,7946,5,39,det,False,0,NA,NA,NA,NA,NA,NA,NA,NA
16,7946,5,40,rensende,True,2,d,6,235,205.0,235,410,175,175
16,7946,5,41,"bål,",False,0,NA,NA,NA,NA,NA,NA,NA,NA
16,7946,5,42,som,False,0,NA,NA,NA,NA,NA,NA,NA,NA
16,7946,5,43,ifølge,True,2,l,3,336,279.0,558,558,558,558
16,7946,5,44,gammel,True,1,e,4,261,261.0,261,261,261,261
16,7946,5,45,skik,True,2,s,0,81,124.0,248,248,248,248
16,7946,5,46,optager,True,2,p,1,258,260.5,258,521,263,263
16,7946,5,47,alle,True,1,e,3,159,159.0,159,159,159,159
16,7946,5,48,vore,True,1,e,3,183,183.0,183,183,183,183
16,7946,5,49,indre,True,1,d,2,175,175.0,175,175,175,175
16,7946,5,50,"hekse,",True,1,s,3,162,162.0,162,162,162,162
16,7946,5,51,dæmoner,True,1,o,3,243,243.0,243,243,243,243
16,7946,5,52,og,True,1,g,1,140,140.0,140,140,140,140
16,7946,5,53,trolde.,True,1,.,6,42,42.0,42,42,42,42
16,7946,5,54,Og,False,0,NA,NA,NA,NA,NA,NA,NA,NA
16,7946,5,55,som,False,0,NA,NA,NA,NA,NA,NA,NA,NA
16,7946,5,56,ved,True,1,e,1,269,269.0,269,269,269,269
16,7946,5,57,at,True,1,a,0,187,187.0,187,187,187,187
16,7946,5,58,dvæle,True,1,l,3,205,205.0,205,205,205,205
16,7946,5,59,blikket,True,2,k,4,192,227.0,454,454,454,454
16,7946,5,60,mildt,True,2,d,3,254,213.0,254,426,172,172
16,7946,5,61,og,False,0,NA,NA,NA,NA,NA,NA,NA,NA
16,7946,5,62,uden,False,0,NA,NA,NA,NA,NA,NA,NA,NA
16,7946,5,63,at,True,1,a,0,104,104.0,104,104,104,104
16,7946,5,64,"fokusere,",True,1,o,1,154,154.0,154,154,154,154
16,7946,5,65,stimulerer,True,1,e,6,314,314.0,314,314,314,314
16,7946,5,66,melatoninen,True,3,n,6,269,173.33333333333334,269,520,84,84
16,7946,5,67,inde,False,0,NA,NA,NA,NA,NA,NA,NA,NA
16,7946,5,68,i,True,1,i,0,304,304.0,304,304,304,304
16,7946,5,69,vore,False,0,NA,NA,NA,NA,NA,NA,NA,NA
16,7946,5,70,hjerner.,False,0,NA,NA,NA,NA,NA,NA,NA,NA
16,7946,5,71,Gør,False,0,NA,NA,NA,NA,NA,NA,NA,NA
16,7946,5,72,os,True,1,o,0,213,213.0,213,213,213,213
16,7946,5,73,"rolige,",True,1,r,0,195,195.0,195,195,195,195
16,7946,5,74,"afslappede,",True,2,f,1,207,209.5,207,419,212,212
16,7946,5,75,fredfyldte.,True,3,l,6,1,206.66666666666666,152,620,124,124
17,7946,6,1,Fælles,True,1,e,4,183,183.0,183,183,183,183
17,7946,6,2,er,True,1,e,0,64,64.0,64,64,64,64
17,7946,6,3,vi,False,0,NA,NA,NA,NA,NA,NA,NA,NA
17,7946,6,4,i,True,1,i,0,227,227.0,227,227,227,227
17,7946,6,5,fortællingen.,True,1,r,2,170,170.0,170,170,170,170
17,7946,6,6,Om,False,0,NA,NA,NA,NA,NA,NA,NA,NA
17,7946,6,7,en,True,1,n,1,183,183.0,183,183,183,183
17,7946,6,8,mand,True,1,m,0,305,305.0,305,305,305,305
17,7946,6,9,3426,True,2,6,3,170,171.5,170,343,173,173
17,7946,6,10,km,True,1,k,0,217,217.0,217,217,217,217
17,7946,6,11,"herfra,",True,1,a,5,210,210.0,210,210,210,210
17,7946,6,12,som,False,0,NA,NA,NA,NA,NA,NA,NA,NA
17,7946,6,13,ifølge,True,1,ø,2,87,87.0,87,87,87,87
17,7946,6,14,en,True,1,e,0,223,223.0,223,223,223,223
17,7946,6,15,læge,True,1,e,3,158,158.0,158,158,158,158
17,7946,6,16,ved,False,0,NA,NA,NA,NA,NA,NA,NA,NA
17,7946,6,17,navn,True,1,n,0,198,198.0,198,198,198,198
17,7946,6,18,"Lukas,",True,2,L,0,210,172.5,210,345,135,135
17,7946,6,19,fødtes,True,1,t,3,181,181.0,181,181,181,181
17,7946,6,20,på,False,0,NA,NA,NA,NA,NA,NA,NA,NA
17,7946,6,21,denne,True,1,n,3,259,259.0,259,259,259,259
17,7946,6,22,dag.,True,4,.,3,129,187.5,256,750,256,256
17,7946,6,23,6,True,1,6,0,279,279.0,279,279,279,279
17,7946,6,24,måneder,True,7,n,2,63,187.28571428571428,63,1311,844,844
17,7946,6,25,før,True,2,ø,1,130,161.5,130,323,193,193
17,7946,6,26,sin,True,2,n,2,122,115.0,122,230,108,108
17,7946,6,27,"fætter,",True,3,",",6,68,151.66666666666666,455,455,455,455
17,7946,6,28,hvis,True,2,s,3,210,171.5,210,343,133,133
17,7946,6,29,ankomst,True,5,n,1,315,207.4,315,1037,387,387
17,7946,6,30,han,True,2,n,2,175,174.0,175,348,173,173
17,7946,6,31,skulle,True,1,l,3,250,250.0,250,250,250,250
17,7946,6,32,forkynde.,True,1,d,6,336,336.0,336,336,336,336
17,7946,6,33,Manden,True,2,n,5,255,186.5,255,373,118,118
17,7946,6,34,ved,False,0,NA,NA,NA,NA,NA,NA,NA,NA
17,7946,6,35,navn,True,1,a,1,99,99.0,99,99,99,99
17,7946,6,36,Johannes,True,1,J,0,152,152.0,152,152,152,152
17,7946,6,37,råbte,True,1,b,2,225,225.0,225,225,225,225
17,7946,6,38,i,False,0,NA,NA,NA,NA,NA,NA,NA,NA
17,7946,6,39,ørkenen,True,2,ø,0,140,101.5,140,203,63,63
17,7946,6,40,om,False,0,NA,NA,NA,NA,NA,NA,NA,NA
17,7946,6,41,"det,",True,1,e,1,120,120.0,120,120,120,120
17,7946,6,42,der,False,0,NA,NA,NA,NA,NA,NA,NA,NA
17,7946,6,43,vil,True,1,l,2,199,199.0,199,199,199,199
17,7946,6,44,"ske,",True,2,",",3,192,125.0,192,250,58,58
17,7946,6,45,de,False,0,NA,NA,NA,NA,NA,NA,NA,NA
17,7946,6,46,"muligheder,",True,2,i,3,271,209.5,271,419,148,148
17,7946,6,47,der,False,0,NA,NA,NA,NA,NA,NA,NA,NA
17,7946,6,48,vil,True,1,l,2,223,223.0,223,223,223,223
17,7946,6,49,komme.,False,0,NA,NA,NA,NA,NA,NA,NA,NA
17,7946,6,50,Efter,False,0,NA,NA,NA,NA,NA,NA,NA,NA
17,7946,6,51,ham,True,2,a,1,214,199.0,214,398,184,184
17,7946,6,52,opkaldtes,True,2,t,6,220,181.5,220,363,143,143
17,7946,6,53,denne,True,1,e,4,111,111.0,111,111,111,111
17,7946,6,54,dag,True,1,d,0,134,134.0,134,134,134,134
17,7946,6,55,nogle,False,0,NA,NA,NA,NA,NA,NA,NA,NA
17,7946,6,56,århundreder,True,1,r,1,190,190.0,190,190,190,190
17,7946,6,57,senere:,True,1,:,6,168,168.0,168,168,168,168
17,7946,6,58,Johannes,False,0,NA,NA,NA,NA,NA,NA,NA,NA
17,7946,6,59,"dag,",True,2,g,2,56,137.0,56,274,218,218
17,7946,6,60,Johannes,True,2,s,7,271,216.0,271,432,161,161
17,7946,6,61,den,False,0,NA,NA,NA,NA,NA,NA,NA,NA
17,7946,6,62,"hellige,",True,2,i,4,106,111.0,106,222,116,116
17,7946,6,63,sanctus,True,2,s,6,209,192.0,209,384,175,175
17,7946,6,64,"Johannes,",False,0,NA,NA,NA,NA,NA,NA,NA,NA
17,7946,6,65,eller,True,1,r,4,180,180.0,180,180,180,180
17,7946,6,66,på,False,0,NA,NA,NA,NA,NA,NA,NA,NA
17,7946,6,67,DANSK:,True,1,S,3,216,216.0,216,216,216,216
17,7946,6,68,Sankt,True,1,n,2,259,259.0,259,259,259,259
17,7946,6,69,Hans.,True,1,n,2,122,122.0,122,122,122,122
17,7946,6,70,Fælles,True,3,e,4,153,156.66666666666666,153,470,146,146
17,7946,6,71,er,False,0,NA,NA,NA,NA,NA,NA,NA,NA
17,7946,6,72,vi,False,0,NA,NA,NA,NA,NA,NA,NA,NA
17,7946,6,73,om,False,0,NA,NA,NA,NA,NA,NA,NA,NA
17,7946,6,74,denne,True,2,e,1,136,183.0,136,366,230,230
17,7946,6,75,historie.,False,0,NA,NA,NA,NA,NA,NA,NA,NA
17,7946,6,76,Om,False,0,NA,NA,NA,NA,NA,NA,NA,NA
17,7946,6,77,vi,True,1,i,1,209,209.0,209,209,209,209
17,7946,6,78,tror,True,1,o,2,272,272.0,272,272,272,272
17,7946,6,79,på,False,0,NA,NA,NA,NA,NA,NA,NA,NA
17,7946,6,80,den,True,1,e,1,85,85.0,85,85,85,85
17,7946,6,81,eller,False,0,NA,NA,NA,NA,NA,NA,NA,NA
17,7946,6,82,ej.,False,0,NA,NA,NA,NA,NA,NA,NA,NA
17,7946,6,83,Myterne,True,1,e,3,171,171.0,171,171,171,171
17,7946,6,84,flyder,False,0,NA,NA,NA,NA,NA,NA,NA,NA
17,7946,6,85,sammen,True,3,s,0,156,177.66666666666666,156,533,208,208
17,7946,6,86,med,False,0,NA,NA,NA,NA,NA,NA,NA,NA
17,7946,6,87,religioner,True,2,r,9,139,112.5,139,225,86,86
17,7946,6,88,og,False,0,NA,NA,NA,NA,NA,NA,NA,NA
17,7946,6,89,folkefortællinger.,False,0,NA,NA,NA,NA,NA,NA,NA,NA
17,7946,6,90,Og,False,0,NA,NA,NA,NA,NA,NA,NA,NA
17,7946,6,91,selvom,True,1,o,4,211,211.0,211,211,211,211
17,7946,6,92,få,False,0,NA,NA,NA,NA,NA,NA,NA,NA
17,7946,6,93,tror,True,1,r,1,157,157.0,157,157,157,157
17,7946,6,94,på,True,1,å,1,144,144.0,144,144,144,144
17,7946,6,95,dem,False,0,NA,NA,NA,NA,NA,NA,NA,NA
17,7946,6,96,i,False,0,NA,NA,NA,NA,NA,NA,NA,NA
17,7946,6,97,bogstavelig,True,1,v,6,237,237.0,237,237,237,237
17,7946,6,98,"forstand,",False,0,NA,NA,NA,NA,NA,NA,NA,NA
17,7946,6,99,hvad,False,0,NA,NA,NA,NA,NA,NA,NA,NA
17,7946,6,100,enten,True,2,t,2,160,130.5,160,261,101,101
17,7946,6,101,det,True,1,d,0,83,83.0,83,83,83,83
17,7946,6,102,gælder,True,1,e,4,174,174.0,174,174,174,174
17,7946,6,103,hyldemor,True,2,r,7,163,155.0,163,310,147,147
17,7946,6,104,eller,False,0,NA,NA,NA,NA,NA,NA,NA,NA
17,7946,6,105,"jomfrufødsler,",True,1,ø,7,242,242.0,242,242,242,242
17,7946,6,106,hekse,True,1,e,4,166,166.0,166,166,166,166
17,7946,6,107,eller,True,2,e,0,172,169.0,172,338,166,166
17,7946,6,108,huldrer.,True,1,e,5,153,153.0,153,153,153,153
17,7946,6,109,Så,False,0,NA,NA,NA,NA,NA,NA,NA,NA
17,7946,6,110,tror,True,1,o,2,151,151.0,151,151,151,151
17,7946,6,111,vi,False,0,NA,NA,NA,NA,NA,NA,NA,NA
17,7946,6,112,på,True,1,p,0,172,172.0,172,172,172,172
17,7946,6,113,"det,",False,0,NA,NA,NA,NA,NA,NA,NA,NA
17,7946,6,114,der,False,0,NA,NA,NA,NA,NA,NA,NA,NA
17,7946,6,115,ligger,True,1,i,1,236,236.0,236,236,236,236
17,7946,6,116,bag,False,0,NA,NA,NA,NA,NA,NA,NA,NA
17,7946,6,117,ordene.,True,1,r,1,341,341.0,341,341,341,341
17,7946,6,118,Spørgsmål:,False,0,NA,NA,NA,NA,NA,NA,NA,NA
17,7946,6,119,Er,False,0,NA,NA,NA,NA,NA,NA,NA,NA
17,7946,6,120,'Johannes,False,0,NA,NA,NA,NA,NA,NA,NA,NA
17,7946,6,121,den,False,0,NA,NA,NA,NA,NA,NA,NA,NA
17,7946,6,122,hellige',False,0,NA,NA,NA,NA,NA,NA,NA,NA
17,7946,6,123,et,False,0,NA,NA,NA,NA,NA,NA,NA,NA
17,7946,6,124,andet,False,0,NA,NA,NA,NA,NA,NA,NA,NA
17,7946,6,125,navn,False,0,NA,NA,NA,NA,NA,NA,NA,NA
17,7946,6,126,for,False,0,NA,NA,NA,NA,NA,NA,NA,NA
17,7946,6,127,'Sankt,False,0,NA,NA,NA,NA,NA,NA,NA,NA
17,7946,6,128,Hans'?,False,0,NA,NA,NA,NA,NA,NA,NA,NA
18,7946,7,1,Et,True,1,t,1,195,195.0,195,195,195,195
18,7946,7,2,ordsprog,True,4,d,2,318,235.25,318,941,257,257
18,7946,7,3,"siger,",True,2,e,3,185,348.5,697,697,697,697
18,7946,7,4,at,True,1,a,0,110,110.0,110,110,110,110
18,7946,7,5,vi,False,0,NA,NA,NA,NA,NA,NA,NA,NA
18,7946,7,6,ikke,False,0,NA,NA,NA,NA,NA,NA,NA,NA
18,7946,7,7,fortæller,True,3,f,0,85,138.33333333333334,85,415,179,179
18,7946,7,8,børn,True,1,b,0,122,122.0,122,122,122,122
18,7946,7,9,historier,True,3,h,0,159,170.66666666666666,328,512,328,328
18,7946,7,10,om,False,0,NA,NA,NA,NA,NA,NA,NA,NA
18,7946,7,11,drager,True,2,r,1,206,183.0,206,366,160,160
18,7946,7,12,"for,",True,1,",",3,172,172.0,172,172,172,172
18,7946,7,13,at,False,0,NA,NA,NA,NA,NA,NA,NA,NA
18,7946,7,14,de,True,2,e,1,200,185.0,370,370,370,370
18,7946,7,15,skal,False,0,NA,NA,NA,NA,NA,NA,NA,NA
18,7946,7,16,tro,True,1,t,0,158,158.0,158,158,158,158
18,7946,7,17,på,True,2,å,1,149,163.5,327,327,327,327
18,7946,7,18,"dem,",False,0,NA,NA,NA,NA,NA,NA,NA,NA
18,7946,7,19,men,False,0,NA,NA,NA,NA,NA,NA,NA,NA
18,7946,7,20,for,True,1,f,0,162,162.0,162,162,162,162
18,7946,7,21,at,False,0,NA,NA,NA,NA,NA,NA,NA,NA
18,7946,7,22,de,False,0,NA,NA,NA,NA,NA,NA,NA,NA
18,7946,7,23,skal,True,1,s,0,226,226.0,226,226,226,226
18,7946,7,24,lære,True,1,e,3,170,170.0,170,170,170,170
18,7946,7,25,at,False,0,NA,NA,NA,NA,NA,NA,NA,NA
18,7946,7,26,slå,True,1,l,1,154,154.0,154,154,154,154
18,7946,7,27,dem,True,1,d,0,118,118.0,118,118,118,118
18,7946,7,28,ihjel.,True,1,h,1,150,150.0,150,150,150,150
18,7946,7,29,Eller,True,1,e,3,123,123.0,123,123,123,123
18,7946,7,30,tæmme,True,1,æ,1,353,353.0,353,353,353,353
18,7946,7,31,dem.,False,0,NA,NA,NA,NA,NA,NA,NA,NA
18,7946,7,32,Det,False,0,NA,NA,NA,NA,NA,NA,NA,NA
18,7946,7,33,samme,True,1,m,3,265,265.0,265,265,265,265
18,7946,7,34,gælder,True,1,r,5,252,252.0,252,252,252,252
18,7946,7,35,ord.,True,1,.,3,252,252.0,252,252,252,252
18,7946,7,36,Og,False,0,NA,NA,NA,NA,NA,NA,NA,NA
18,7946,7,37,fortællinger.,True,4,l,6,244,173.25,244,693,134,134
18,7946,7,38,Da,True,1,a,1,152,152.0,152,152,152,152
18,7946,7,39,Johannes',True,1,n,4,193,193.0,193,193,193,193
18,7946,7,40,fætter,True,1,t,2,115,115.0,115,115,115,115
18,7946,7,41,endelig,True,1,l,4,246,246.0,246,246,246,246
18,7946,7,42,trådte,True,2,å,2,261,208.5,261,417,156,156
18,7946,7,43,frem,True,1,m,3,181,181.0,181,181,181,181
18,7946,7,44,der,True,1,r,2,245,245.0,245,245,245,245
18,7946,7,45,ved,False,0,NA,NA,NA,NA,NA,NA,NA,NA
18,7946,7,46,floden,True,1,l,1,110,110.0,110,110,110,110
18,7946,7,47,og,False,0,NA,NA,NA,NA,NA,NA,NA,NA
18,7946,7,48,lod,False,0,NA,NA,NA,NA,NA,NA,NA,NA
18,7946,7,49,sig,True,1,s,0,228,228.0,228,228,228,228
18,7946,7,50,døbe,True,1,e,3,222,222.0,222,222,222,222
18,7946,7,51,svævede,True,1,e,6,314,314.0,314,314,314,314
18,7946,7,52,en,True,1,n,1,218,218.0,218,218,218,218
18,7946,7,53,due,True,1,e,2,259,259.0,259,259,259,259
18,7946,7,54,over,True,1,r,3,169,169.0,169,169,169,169
18,7946,7,55,"ham,",True,2,",",3,166,181.5,166,363,197,197
18,7946,7,56,fint,True,2,t,3,141,163.5,327,327,327,327
18,7946,7,57,symboliserende,True,5,e,10,119,190.6,305,953,332,332
18,7946,7,58,ånde.,True,4,e,3,189,146.75,386,587,386,386
18,7946,7,59,Og,True,1,O,0,151,151.0,151,151,151,151
18,7946,7,60,det,True,2,d,0,198,113.5,227,227,227,227
18,7946,7,61,er,True,1,e,0,151,151.0,151,151,151,151
18,7946,7,62,måske,True,4,e,4,139,150.0,139,600,292,292
18,7946,7,63,netop,True,1,o,3,373,373.0,373,373,373,373
18,7946,7,64,"ånd,",True,2,n,1,308,278.0,308,556,248,248
18,7946,7,65,der,True,1,d,0,155,155.0,155,155,155,155
18,7946,7,66,skaber,True,4,e,4,364,276.0,652,1104,652,652
18,7946,7,67,fællesskabet.,True,3,æ,1,220,190.66666666666666,220,572,245,245
18,7946,7,68,Forbindelsen,True,2,e,7,280,223.5,280,447,167,167
18,7946,7,69,mellem,False,0,NA,NA,NA,NA,NA,NA,NA,NA
18,7946,7,70,os.,True,1,o,0,186,186.0,186,186,186,186
18,7946,7,71,"Den,",True,1,",",3,220,220.0,220,220,220,220
18,7946,7,72,der,False,0,NA,NA,NA,NA,NA,NA,NA,NA
18,7946,7,73,ligger,True,1,g,2,117,117.0,117,117,117,117
18,7946,7,74,bag,True,1,b,0,104,104.0,104,104,104,104
18,7946,7,75,"ordene,",True,1,o,0,90,90.0,90,90,90,90
18,7946,7,76,"traditionerne,",True,2,t,0,138,185.0,138,370,232,232
18,7946,7,77,"festerne,",True,3,",",8,162,195.33333333333334,162,586,145,145
18,7946,7,78,højtiderne.,True,2,e,6,222,234.5,222,469,247,247
18,7946,7,79,Traditioner,True,1,i,6,365,365.0,365,365,365,365
18,7946,7,80,uden,True,1,n,3,204,204.0,204,204,204,204
18,7946,7,81,ånd,False,0,NA,NA,NA,NA,NA,NA,NA,NA
18,7946,7,82,er,True,1,r,1,332,332.0,332,332,332,332
18,7946,7,83,glædesløse.,True,2,ø,7,431,290.5,431,581,150,150
18,7946,7,84,Derfor,True,1,r,5,272,272.0,272,272,272,272
18,7946,7,85,er,False,0,NA,NA,NA,NA,NA,NA,NA,NA
18,7946,7,86,denne,True,1,e,4,110,110.0,110,110,110,110
18,7946,7,87,tradition,True,1,i,6,157,157.0,157,157,157,157
18,7946,7,88,særlig,False,0,NA,NA,NA,NA,NA,NA,NA,NA
18,7946,7,89,smuk.,True,1,s,0,292,292.0,292,292,292,292
18,7946,7,90,For,False,0,NA,NA,NA,NA,NA,NA,NA,NA
18,7946,7,91,den,False,0,NA,NA,NA,NA,NA,NA,NA,NA
18,7946,7,92,forbinder,True,2,r,2,198,162.5,198,325,127,127
18,7946,7,93,det,True,1,d,0,166,166.0,166,166,166,166
18,7946,7,94,hele.,True,1,.,4,252,252.0,252,252,252,252
18,7946,7,95,Lyset.,False,0,NA,NA,NA,NA,NA,NA,NA,NA
18,7946,7,96,Fortællingerne.,True,2,F,0,284,302.5,360,605,245,245
18,7946,7,97,Myterne.,True,1,n,5,235,235.0,235,235,235,235
18,7946,7,98,Glæden.,True,1,d,3,195,195.0,195,195,195,195
18,7946,7,99,Og,True,1,g,1,140,140.0,140,140,140,140
18,7946,7,100,freden.,True,1,e,4,178,178.0,178,178,178,178
18,7946,7,101,Om,False,0,NA,NA,NA,NA,NA,NA,NA,NA
18,7946,7,102,det,False,0,NA,NA,NA,NA,NA,NA,NA,NA
18,7946,7,103,at,True,2,a,0,100,160.0,100,320,220,220
18,7946,7,104,året,True,2,å,0,182,183.0,182,366,184,184
18,7946,7,105,går,True,1,g,0,204,204.0,204,204,204,204
18,7946,7,106,sin,True,1,s,0,371,371.0,371,371,371,371
18,7946,7,107,gang.,False,0,NA,NA,NA,NA,NA,NA,NA,NA
18,7946,7,108,Og,True,1,O,0,109,109.0,109,109,109,109
18,7946,7,109,at,False,0,NA,NA,NA,NA,NA,NA,NA,NA
18,7946,7,110,vi,True,1,i,1,142,142.0,142,142,142,142
18,7946,7,111,har,True,1,r,2,167,167.0,167,167,167,167
18,7946,7,112,nogen,False,0,NA,NA,NA,NA,NA,NA,NA,NA
18,7946,7,113,"indbyggede,",True,1,g,5,237,237.0,237,237,237,237
18,7946,7,114,traditionsbundne,True,2,o,7,180,157.5,180,315,135,135
18,7946,7,115,"milepæle,",True,1,p,4,222,222.0,222,222,222,222
18,7946,7,116,der,False,0,NA,NA,NA,NA,NA,NA,NA,NA
18,7946,7,117,markerer,True,2,m,0,128,155.5,128,311,183,183
18,7946,7,118,dette.,True,2,.,5,102,222.5,102,445,343,343
19,7946,8,1,For,False,0,NA,NA,NA,NA,NA,NA,NA,NA
19,7946,8,2,det,True,1,d,0,161,161.0,161,161,161,161
19,7946,8,3,sjove,True,1,s,0,120,120.0,120,120,120,120
19,7946,8,4,er,False,0,NA,NA,NA,NA,NA,NA,NA,NA
19,7946,8,5,vel,True,1,e,1,285,285.0,285,285,285,285
19,7946,8,6,egentlig,True,1,l,5,185,185.0,185,185,185,185
19,7946,8,7,"også,",True,1,",",4,115,115.0,115,115,115,115
19,7946,8,8,at,False,0,NA,NA,NA,NA,NA,NA,NA,NA
19,7946,8,9,i,True,1,i,0,177,177.0,177,177,177,177
19,7946,8,10,aften,True,1,t,2,185,185.0,185,185,185,185
19,7946,8,11,tænker,True,2,æ,1,168,208.0,168,416,248,248
19,7946,8,12,vi,False,0,NA,NA,NA,NA,NA,NA,NA,NA
19,7946,8,13,ikke,True,1,k,2,313,313.0,313,313,313,313
19,7946,8,14,på,True,1,å,1,189,189.0,189,189,189,189
19,7946,8,15,alt,True,1,a,0,271,271.0,271,271,271,271
19,7946,8,16,"det,",True,2,d,0,157,157.5,315,315,315,315
19,7946,8,17,der,False,0,NA,NA,NA,NA,NA,NA,NA,NA
19,7946,8,18,skete,True,1,s,0,209,209.0,209,209,209,209
19,7946,8,19,de,False,0,NA,NA,NA,NA,NA,NA,NA,NA
19,7946,8,20,foregående,True,3,o,1,147,147.66666666666666,312,443,312,312
19,7946,8,21,12,True,2,1,0,252,190.5,252,381,129,129
19,7946,8,22,måneder,False,0,NA,NA,NA,NA,NA,NA,NA,NA
19,7946,8,23,siden,True,1,i,1,210,210.0,210,210,210,210
19,7946,8,24,sidste,True,2,e,5,208,238.5,208,477,269,269
19,7946,8,25,sommer.,False,0,NA,NA,NA,NA,NA,NA,NA,NA
19,7946,8,26,"Nej,",False,0,NA,NA,NA,NA,NA,NA,NA,NA
19,7946,8,27,vi,True,1,i,1,106,106.0,106,106,106,106
19,7946,8,28,træder,True,3,r,1,211,174.0,211,522,159,159
19,7946,8,29,nærmest,True,2,e,4,109,96.5,109,193,84,84
19,7946,8,30,ind,False,0,NA,NA,NA,NA,NA,NA,NA,NA
19,7946,8,31,i,True,1,i,0,134,134.0,134,134,134,134
19,7946,8,32,en,False,0,NA,NA,NA,NA,NA,NA,NA,NA
19,7946,8,33,magisk,True,2,s,4,301,267.0,301,534,233,233
19,7946,8,34,stund.,True,1,d,4,241,241.0,241,241,241,241
19,7946,8,35,Hvor,True,1,r,3,171,171.0,171,171,171,171
19,7946,8,36,i,True,1,i,0,276,276.0,276,276,276,276
19,7946,8,37,går,True,1,g,0,158,158.0,158,158,158,158
19,7946,8,38,og,True,1,o,0,216,216.0,216,216,216,216
19,7946,8,39,i,False,0,NA,NA,NA,NA,NA,NA,NA,NA
19,7946,8,40,forgårs,True,2,f,0,256,189.5,256,379,123,123
19,7946,8,41,er,False,0,NA,NA,NA,NA,NA,NA,NA,NA
19,7946,8,42,forsvundet.,True,2,.,10,101,233.5,101,467,366,366
19,7946,8,43,Og,False,0,NA,NA,NA,NA,NA,NA,NA,NA
19,7946,8,44,at,False,0,NA,NA,NA,NA,NA,NA,NA,NA
19,7946,8,45,vi,False,0,NA,NA,NA,NA,NA,NA,NA,NA
19,7946,8,46,tænker,True,2,e,4,136,220.0,136,440,304,304
19,7946,8,47,på,False,0,NA,NA,NA,NA,NA,NA,NA,NA
19,7946,8,48,sidste,True,1,t,4,335,335.0,335,335,335,335
19,7946,8,49,års,False,0,NA,NA,NA,NA,NA,NA,NA,NA
19,7946,8,50,bålaften.,True,2,b,0,250,177.5,250,355,105,105
19,7946,8,51,Vi,False,0,NA,NA,NA,NA,NA,NA,NA,NA
19,7946,8,52,ophæver,True,1,æ,3,208,208.0,208,208,208,208
19,7946,8,53,den,False,0,NA,NA,NA,NA,NA,NA,NA,NA
19,7946,8,54,"kontinuerlige,",True,1,e,7,352,352.0,352,352,352,352
19,7946,8,55,lineære,True,1,r,5,339,339.0,339,339,339,339
19,7946,8,56,måde,False,0,NA,NA,NA,NA,NA,NA,NA,NA
19,7946,8,57,at,True,2,a,0,190,134.5,190,269,79,79
19,7946,8,58,se,False,0,NA,NA,NA,NA,NA,NA,NA,NA
19,7946,8,59,verden,True,2,n,5,119,162.5,119,325,206,206
19,7946,8,60,på.,False,0,NA,NA,NA,NA,NA,NA,NA,NA
19,7946,8,61,Hvor,False,0,NA,NA,NA,NA,NA,NA,NA,NA
19,7946,8,62,vi,True,2,v,0,49,95.0,190,190,190,190
19,7946,8,63,midt,True,1,m,0,282,282.0,282,282,282,282
19,7946,8,64,i,True,1,i,0,268,268.0,268,268,268,268
19,7946,8,65,alle,False,0,NA,NA,NA,NA,NA,NA,NA,NA
19,7946,8,66,vores,True,1,v,0,302,302.0,302,302,302,302
19,7946,8,67,praktiske,True,1,k,3,86,86.0,86,86,86,86
19,7946,8,68,gøremål,True,1,g,0,97,97.0,97,97,97,97
19,7946,8,69,–,False,0,NA,NA,NA,NA,NA,NA,NA,NA
19,7946,8,70,måler,True,1,r,4,179,179.0,179,179,179,179
19,7946,8,71,tiden,True,1,t,0,285,285.0,285,285,285,285
19,7946,8,72,et,False,0,NA,NA,NA,NA,NA,NA,NA,NA
19,7946,8,73,stykke,True,1,k,3,288,288.0,288,288,288,288
19,7946,8,74,efter,False,0,NA,NA,NA,NA,NA,NA,NA,NA
19,7946,8,75,et,True,1,e,0,165,165.0,165,165,165,165
19,7946,8,76,andet.,True,1,d,2,221,221.0,221,221,221,221
19,7946,8,77,Alt,False,0,NA,NA,NA,NA,NA,NA,NA,NA
19,7946,8,78,dette,True,1,d,0,283,283.0,283,283,283,283
19,7946,8,79,bliver,True,1,e,4,132,132.0,132,132,132,132
19,7946,8,80,for,False,0,NA,NA,NA,NA,NA,NA,NA,NA
19,7946,8,81,en,False,0,NA,NA,NA,NA,NA,NA,NA,NA
19,7946,8,82,stund,True,1,s,0,204,204.0,204,204,204,204
19,7946,8,83,ophævet.,True,1,æ,3,156,156.0,156,156,156,156
20,7946,9,1,Og,False,0,NA,NA,NA,NA,NA,NA,NA,NA
20,7946,9,2,vi,False,0,NA,NA,NA,NA,NA,NA,NA,NA
20,7946,9,3,træder,True,1,t,0,147,147.0,147,147,147,147
20,7946,9,4,ind,True,1,n,1,56,56.0,56,56,56,56
20,7946,9,5,i,False,0,NA,NA,NA,NA,NA,NA,NA,NA
20,7946,9,6,årshjulets,True,2,h,3,206,225.0,450,450,450,450
20,7946,9,7,cirkulære,True,4,l,5,184,163.5,184,654,156,156
20,7946,9,8,rytme.,True,1,e,4,153,153.0,153,153,153,153
20,7946,9,9,For,False,0,NA,NA,NA,NA,NA,NA,NA,NA
20,7946,9,10,vi,False,0,NA,NA,NA,NA,NA,NA,NA,NA
20,7946,9,11,giver,True,2,r,4,153,149.0,153,298,145,145
20,7946,9,12,pokker,True,2,r,5,178,194.5,178,389,211,211
20,7946,9,13,i,False,0,NA,NA,NA,NA,NA,NA,NA,NA
20,7946,9,14,januars,True,3,s,6,201,112.66666666666667,338,338,338,338
20,7946,9,15,måneds,True,2,m,0,281,242.5,281,485,204,204
20,7946,9,16,lommesmerter,True,3,e,7,216,159.0,216,477,113,113
20,7946,9,17,og,False,0,NA,NA,NA,NA,NA,NA,NA,NA
20,7946,9,18,februars,True,1,u,4,313,313.0,313,313,313,313
20,7946,9,19,tristesse.,True,4,i,2,115,139.0,115,556,128,128
20,7946,9,20,Marts,True,1,t,3,237,237.0,237,237,237,237
20,7946,9,21,måneds,True,3,n,2,192,206.33333333333334,435,619,435,435
20,7946,9,22,tunge,True,2,u,1,243,198.5,243,397,154,154
20,7946,9,23,regn.,True,1,r,0,184,184.0,184,184,184,184
20,7946,9,24,Og,True,1,O,0,111,111.0,111,111,111,111
20,7946,9,25,april,True,1,i,3,155,155.0,155,155,155,155
20,7946,9,26,måneds,True,3,m,0,176,143.33333333333334,176,430,74,74
20,7946,9,27,forårsbebudning.,True,3,r,4,212,218.0,212,654,137,137
20,7946,9,28,Netop,False,0,NA,NA,NA,NA,NA,NA,NA,NA
20,7946,9,29,i,True,1,i,0,169,169.0,169,169,169,169
20,7946,9,30,aften,True,1,a,0,256,256.0,256,256,256,256
20,7946,9,31,er,False,0,NA,NA,NA,NA,NA,NA,NA,NA
20,7946,9,32,vi,True,1,i,1,219,219.0,219,219,219,219
20,7946,9,33,bare.,True,1,.,4,335,335.0,335,335,335,335
20,7946,9,34,Og,False,0,NA,NA,NA,NA,NA,NA,NA,NA
20,7946,9,35,vi,False,0,NA,NA,NA,NA,NA,NA,NA,NA
20,7946,9,36,lader,True,2,d,2,106,202.5,106,405,299,299
20,7946,9,37,tankerne,False,0,NA,NA,NA,NA,NA,NA,NA,NA
20,7946,9,38,gå,False,0,NA,NA,NA,NA,NA,NA,NA,NA
20,7946,9,39,mod,True,1,o,1,556,556.0,556,556,556,556
20,7946,9,40,alle,False,0,NA,NA,NA,NA,NA,NA,NA,NA
20,7946,9,41,de,True,1,e,1,189,189.0,189,189,189,189
20,7946,9,42,andre,True,1,e,4,128,128.0,128,128,128,128
20,7946,9,43,midsommeraftner.,True,3,m,6,270,249.66666666666666,270,749,276,276
20,7946,9,44,Fuldt,True,1,t,4,167,167.0,167,167,167,167
20,7946,9,45,af,True,1,f,1,169,169.0,169,169,169,169
20,7946,9,46,skønheden,False,0,NA,NA,NA,NA,NA,NA,NA,NA
20,7946,9,47,og,False,0,NA,NA,NA,NA,NA,NA,NA,NA
20,7946,9,48,nybrud.,True,2,y,1,217,222.5,217,445,228,228
20,7946,9,49,Fuld,True,1,d,3,318,318.0,318,318,318,318
20,7946,9,50,af,False,0,NA,NA,NA,NA,NA,NA,NA,NA
20,7946,9,51,"forventninger,",True,2,n,7,117,145.5,117,291,174,174
20,7946,9,52,og,False,0,NA,NA,NA,NA,NA,NA,NA,NA
20,7946,9,53,vi,False,0,NA,NA,NA,NA,NA,NA,NA,NA
20,7946,9,54,kan,False,0,NA,NA,NA,NA,NA,NA,NA,NA
20,7946,9,55,på,True,1,p,0,197,197.0,197,197,197,197
20,7946,9,56,en,True,1,e,0,349,349.0,349,349,349,349
20,7946,9,57,aften,True,1,n,4,186,186.0,186,186,186,186
20,7946,9,58,som,False,0,NA,NA,NA,NA,NA,NA,NA,NA
20,7946,9,59,i,True,1,i,0,280,280.0,280,280,280,280
20,7946,9,60,aften,False,0,NA,NA,NA,NA,NA,NA,NA,NA
20,7946,9,61,næsten,True,2,n,0,204,224.0,204,448,244,244
20,7946,9,62,høre,True,2,ø,1,351,257.5,351,515,164,164
20,7946,9,63,mosekonen,True,1,k,4,382,382.0,382,382,382,382
20,7946,9,64,brygge.,True,1,.,6,269,269.0,269,269,269,269
20,7946,9,65,Og,False,0,NA,NA,NA,NA,NA,NA,NA,NA
20,7946,9,66,"føle,",True,2,",",4,317,226.5,317,453,136,136
20,7946,9,67,hvordan,True,3,a,5,157,157.33333333333334,157,472,197,197
20,7946,9,68,hyldeblomsten,True,4,e,11,145,234.5,352,938,321,321
20,7946,9,69,beruser,True,3,e,5,276,204.0,276,612,195,195
20,7946,9,70,os.,False,0,NA,NA,NA,NA,NA,NA,NA,NA
21,7946,10,1,Og,False,0,NA,NA,NA,NA,NA,NA,NA,NA
21,7946,10,2,hvad,True,1,d,3,201,201.0,201,201,201,201
21,7946,10,3,er,False,0,NA,NA,NA,NA,NA,NA,NA,NA
21,7946,10,4,det,False,0,NA,NA,NA,NA,NA,NA,NA,NA
21,7946,10,5,så,False,0,NA,NA,NA,NA,NA,NA,NA,NA
21,7946,10,6,for,False,0,NA,NA,NA,NA,NA,NA,NA,NA
21,7946,10,7,"noget,",True,1,n,0,188,188.0,188,188,188,188
21,7946,10,8,vi,False,0,NA,NA,NA,NA,NA,NA,NA,NA
21,7946,10,9,tænker,True,1,r,5,281,281.0,281,281,281,281
21,7946,10,10,på?,False,0,NA,NA,NA,NA,NA,NA,NA,NA
21,7946,10,11,I,False,0,NA,NA,NA,NA,NA,NA,NA,NA
21,7946,10,12,har,True,1,r,2,163,163.0,163,163,163,163
21,7946,10,13,sikkert,True,2,k,3,271,229.0,271,458,187,187
21,7946,10,14,hver,False,0,NA,NA,NA,NA,NA,NA,NA,NA
21,7946,10,15,især,True,1,æ,2,235,235.0,235,235,235,235
21,7946,10,16,jeres,True,1,j,0,161,161.0,161,161,161,161
21,7946,10,17,egne,False,0,NA,NA,NA,NA,NA,NA,NA,NA
21,7946,10,18,"traditioner,",True,1,t,5,293,293.0,293,293,293,293
21,7946,10,19,som,False,0,NA,NA,NA,NA,NA,NA,NA,NA
21,7946,10,20,I,True,1,I,0,411,411.0,411,411,411,411
21,7946,10,21,har,False,0,NA,NA,NA,NA,NA,NA,NA,NA
21,7946,10,22,været,False,0,NA,NA,NA,NA,NA,NA,NA,NA
21,7946,10,23,en,True,1,e,0,146,146.0,146,146,146,146
21,7946,10,24,del,False,0,NA,NA,NA,NA,NA,NA,NA,NA
21,7946,10,25,"af,",True,2,f,1,108,118.5,108,237,129,129
21,7946,10,26,inden,False,0,NA,NA,NA,NA,NA,NA,NA,NA
21,7946,10,27,i,False,0,NA,NA,NA,NA,NA,NA,NA,NA
21,7946,10,28,kommet,True,1,e,4,225,225.0,225,225,225,225
21,7946,10,29,her.,False,0,NA,NA,NA,NA,NA,NA,NA,NA
21,7946,10,30,I,False,0,NA,NA,NA,NA,NA,NA,NA,NA
21,7946,10,31,mit,False,0,NA,NA,NA,NA,NA,NA,NA,NA
21,7946,10,32,barndomshjem,True,2,n,3,180,167.5,180,335,155,155
21,7946,10,33,var,False,0,NA,NA,NA,NA,NA,NA,NA,NA
21,7946,10,34,det,False,0,NA,NA,NA,NA,NA,NA,NA,NA
21,7946,10,35,"sådan,",True,1,å,1,212,212.0,212,212,212,212
21,7946,10,36,at,False,0,NA,NA,NA,NA,NA,NA,NA,NA
21,7946,10,37,lige,False,0,NA,NA,NA,NA,NA,NA,NA,NA
21,7946,10,38,så,True,1,å,1,314,314.0,314,314,314,314
21,7946,10,39,meget,True,1,t,4,106,106.0,106,106,106,106
21,7946,10,40,som,True,1,m,2,128,128.0,128,128,128,128
21,7946,10,41,julen,True,1,n,4,105,105.0,105,105,105,105
21,7946,10,42,var,False,0,NA,NA,NA,NA,NA,NA,NA,NA
21,7946,10,43,en,False,0,NA,NA,NA,NA,NA,NA,NA,NA
21,7946,10,44,familiær,True,1,m,2,168,168.0,168,168,168,168
21,7946,10,45,"begivenhed,",True,1,n,6,164,164.0,164,164,164,164
21,7946,10,46,så,False,0,NA,NA,NA,NA,NA,NA,NA,NA
21,7946,10,47,var,False,0,NA,NA,NA,NA,NA,NA,NA,NA
21,7946,10,48,midsommer,True,3,m,5,201,219.0,442,657,442,442
21,7946,10,49,"der,",False,0,NA,NA,NA,NA,NA,NA,NA,NA
21,7946,10,50,hvor,True,1,h,0,148,148.0,148,148,148,148
21,7946,10,51,de,False,0,NA,NA,NA,NA,NA,NA,NA,NA
21,7946,10,52,mødtes,True,1,m,0,313,313.0,313,313,313,313
21,7946,10,53,med,True,1,m,0,153,153.0,153,153,153,153
21,7946,10,54,den,True,1,d,0,192,192.0,192,192,192,192
21,7946,10,55,udvidede,True,2,e,7,249,218.0,249,436,187,187
21,7946,10,56,familie.,True,1,l,4,112,112.0,112,112,112,112
21,7946,10,57,Altså,True,1,t,2,196,196.0,196,196,196,196
21,7946,10,58,alle,False,0,NA,NA,NA,NA,NA,NA,NA,NA
21,7946,10,59,de,True,1,d,0,190,190.0,190,190,190,190
21,7946,10,60,"venner,",True,2,n,2,141,176.5,141,353,212,212
21,7946,10,61,vi,False,0,NA,NA,NA,NA,NA,NA,NA,NA
21,7946,10,62,"børn,",True,1,n,3,111,111.0,111,111,111,111
21,7946,10,63,vi,True,1,v,0,115,115.0,115,115,115,115
21,7946,10,64,så,True,1,å,1,192,192.0,192,192,192,192
21,7946,10,65,komme,True,2,k,0,188,233.5,188,467,279,279
21,7946,10,66,tit,True,2,i,1,203,246.5,203,493,290,290
21,7946,10,67,og,True,1,o,0,328,328.0,328,328,328,328
21,7946,10,68,tæt,False,0,NA,NA,NA,NA,NA,NA,NA,NA
21,7946,10,69,i,False,0,NA,NA,NA,NA,NA,NA,NA,NA
21,7946,10,70,barndomshjemmet.,False,0,NA,NA,NA,NA,NA,NA,NA,NA
22,7946,11,1,Så,False,0,NA,NA,NA,NA,NA,NA,NA,NA
22,7946,11,2,var,False,0,NA,NA,NA,NA,NA,NA,NA,NA
22,7946,11,3,man,True,3,m,0,143,119.0,302,357,302,302
22,7946,11,4,nemlig,True,3,e,1,105,203.66666666666666,105,611,506,506
22,7946,11,5,sammen,True,1,a,1,169,169.0,169,169,169,169
22,7946,11,6,med,False,0,NA,NA,NA,NA,NA,NA,NA,NA
22,7946,11,7,den,True,1,e,1,267,267.0,267,267,267,267
22,7946,11,8,selvvalgte,True,2,l,2,164,154.0,164,308,144,144
22,7946,11,9,familie.,True,2,i,3,127,149.5,127,299,172,172
22,7946,11,10,Og,True,1,g,1,140,140.0,140,140,140,140
22,7946,11,11,der,False,0,NA,NA,NA,NA,NA,NA,NA,NA
22,7946,11,12,fejrede,True,3,d,5,269,217.0,269,651,161,161
22,7946,11,13,de,False,0,NA,NA,NA,NA,NA,NA,NA,NA
22,7946,11,14,voksne,True,3,n,4,79,151.0,341,453,341,341
22,7946,11,15,hele,False,0,NA,NA,NA,NA,NA,NA,NA,NA
22,7946,11,16,aftenen,True,3,e,3,424,281.6666666666667,424,845,140,140
22,7946,11,17,det,False,0,NA,NA,NA,NA,NA,NA,NA,NA
22,7946,11,18,"fælleskab,",True,1,k,6,196,196.0,196,196,196,196
22,7946,11,19,de,True,1,d,0,124,124.0,124,124,124,124
22,7946,11,20,havde,False,0,NA,NA,NA,NA,NA,NA,NA,NA
22,7946,11,21,etableret,True,1,l,4,333,333.0,333,333,333,333
22,7946,11,22,med,False,0,NA,NA,NA,NA,NA,NA,NA,NA
22,7946,11,23,hinanden,True,1,e,6,200,200.0,200,200,200,200
22,7946,11,24,mens,False,0,NA,NA,NA,NA,NA,NA,NA,NA
22,7946,11,25,vi,True,1,i,1,270,270.0,270,270,270,270
22,7946,11,26,unger,True,1,r,4,197,197.0,197,197,197,197
22,7946,11,27,legede.,True,1,e,1,149,149.0,149,149,149,149
22,7946,11,28,Og,False,0,NA,NA,NA,NA,NA,NA,NA,NA
22,7946,11,29,glædede,True,2,l,1,148,208.5,148,417,269,269
22,7946,11,30,os,True,1,s,1,151,151.0,151,151,151,151
22,7946,11,31,helt,True,1,t,3,213,213.0,213,213,213,213
22,7946,11,32,sindssygt,True,1,t,8,160,160.0,160,160,160,160
22,7946,11,33,"til,",False,0,NA,NA,NA,NA,NA,NA,NA,NA
22,7946,11,34,at,False,0,NA,NA,NA,NA,NA,NA,NA,NA
22,7946,11,35,vi,False,0,NA,NA,NA,NA,NA,NA,NA,NA
22,7946,11,36,skulle,True,1,l,3,253,253.0,253,253,253,253
22,7946,11,37,være,False,0,NA,NA,NA,NA,NA,NA,NA,NA
22,7946,11,38,længe,True,1,æ,1,114,114.0,114,114,114,114
22,7946,11,39,oppe.,False,0,NA,NA,NA,NA,NA,NA,NA,NA
22,7946,11,40,Og,False,0,NA,NA,NA,NA,NA,NA,NA,NA
22,7946,11,41,vi,True,1,i,1,113,113.0,113,113,113,113
22,7946,11,42,skulle,False,0,NA,NA,NA,NA,NA,NA,NA,NA
22,7946,11,43,se,False,0,NA,NA,NA,NA,NA,NA,NA,NA
22,7946,11,44,bål,True,1,b,0,244,244.0,244,244,244,244
22,7946,11,45,...,False,0,NA,NA,NA,NA,NA,NA,NA,NA
22,7946,11,46,for,False,0,NA,NA,NA,NA,NA,NA,NA,NA
22,7946,11,47,efter,True,1,r,4,305,305.0,305,305,305,305
22,7946,11,48,mad,False,0,NA,NA,NA,NA,NA,NA,NA,NA
22,7946,11,49,og,False,0,NA,NA,NA,NA,NA,NA,NA,NA
22,7946,11,50,"leg,",True,2,",",3,78,206.0,78,412,334,334
22,7946,11,51,så,False,0,NA,NA,NA,NA,NA,NA,NA,NA
22,7946,11,52,var,False,0,NA,NA,NA,NA,NA,NA,NA,NA
22,7946,11,53,det,True,1,t,2,251,251.0,251,251,251,251
22,7946,11,54,"dét,",False,0,NA,NA,NA,NA,NA,NA,NA,NA
22,7946,11,55,vi,True,1,v,0,110,110.0,110,110,110,110
22,7946,11,56,"skulle,",False,0,NA,NA,NA,NA,NA,NA,NA,NA
22,7946,11,57,vi,True,1,v,0,214,214.0,214,214,214,214
22,7946,11,58,skulle,False,0,NA,NA,NA,NA,NA,NA,NA,NA
22,7946,11,59,se,False,0,NA,NA,NA,NA,NA,NA,NA,NA
22,7946,11,60,bål.,True,1,b,0,166,166.0,166,166,166,166
22,7946,11,61,Og,False,0,NA,NA,NA,NA,NA,NA,NA,NA
22,7946,11,62,vi,False,0,NA,NA,NA,NA,NA,NA,NA,NA
22,7946,11,63,var,False,0,NA,NA,NA,NA,NA,NA,NA,NA
22,7946,11,64,sammen,True,2,m,3,123,127.0,123,254,131,131
22,7946,11,65,om,False,0,NA,NA,NA,NA,NA,NA,NA,NA
22,7946,11,66,det.,False,0,NA,NA,NA,NA,NA,NA,NA,NA
22,7946,11,67,Og,False,0,NA,NA,NA,NA,NA,NA,NA,NA
22,7946,11,68,da,False,0,NA,NA,NA,NA,NA,NA,NA,NA
22,7946,11,69,jeg,True,1,j,0,147,147.0,147,147,147,147
22,7946,11,70,blev,True,1,b,0,179,179.0,179,179,179,179
22,7946,11,71,"ældre,",False,0,NA,NA,NA,NA,NA,NA,NA,NA
22,7946,11,72,søgte,False,0,NA,NA,NA,NA,NA,NA,NA,NA
22,7946,11,73,jeg,True,1,g,2,177,177.0,177,177,177,177
22,7946,11,74,selv,False,0,NA,NA,NA,NA,NA,NA,NA,NA
22,7946,11,75,mod,False,0,NA,NA,NA,NA,NA,NA,NA,NA
22,7946,11,76,mine,True,1,m,0,201,201.0,201,201,201,201
22,7946,11,77,egne,True,1,e,3,175,175.0,175,175,175,175
22,7946,11,78,selvetablerede,True,1,e,4,144,144.0,144,144,144,144
22,7946,11,79,fællesskaber.,True,1,s,6,170,170.0,170,170,170,170
22,7946,11,80,Ligesom,False,0,NA,NA,NA,NA,NA,NA,NA,NA
22,7946,11,81,I,True,1,I,0,286,286.0,286,286,286,286
22,7946,11,82,har,False,0,NA,NA,NA,NA,NA,NA,NA,NA
22,7946,11,83,gjort.,True,1,.,5,290,290.0,290,290,290,290
22,7946,11,84,Og,True,1,O,0,153,153.0,153,153,153,153
22,7946,11,85,ve,False,0,NA,NA,NA,NA,NA,NA,NA,NA
22,7946,11,86,"den,",True,2,",",3,157,122.0,157,244,87,87
22,7946,11,87,som,False,0,NA,NA,NA,NA,NA,NA,NA,NA
22,7946,11,88,sad,False,0,NA,NA,NA,NA,NA,NA,NA,NA
22,7946,11,89,alene,True,2,l,1,224,165.0,224,330,106,106
22,7946,11,90,på,False,0,NA,NA,NA,NA,NA,NA,NA,NA
22,7946,11,91,sankthansaften.,True,1,t,4,163,163.0,163,163,163,163
